STORE_NBR,YEARMONTH,Total_Sales,Customers,Transactions,Total_Qty
1,201807,206.9,49,52,62
1,201808,176.1,42,43,54
1,201809,278.8,59,62,75
1,201810,188.1,44,45,58
1,201811,192.6,46,47,57
1,201812,189.6,42,47,57
1,201901,154.8,35,36,42
1,201902,225.4,52,55,65
1,201903,192.9,45,49,58
1,201904,192.9,42,43,57
1,201905,221.4,46,51,66
1,201906,174.1,42,42,53
2,201807,150.8,39,41,46
2,201808,193.8,39,43,55
2,201809,154.4,36,37,41
2,201810,167.8,41,43,45
2,201811,162.9,39,40,44
2,201812,136.0,35,37,40
2,201901,162.8,43,45,49
2,201902,139.4,29,32,37
2,201903,192.1,43,46,51
2,201904,196.5,47,49,56
2,201905,192.7,48,50,56
2,201906,156.6,40,42,44
3,201807,1205.7,112,138,271
3,201808,1079.75,112,131,253
3,201809,1021.5,102,119,232
3,201810,1037.9,104,119,235
3,201811,1008.0,101,118,227
3,201812,1121.6,111,129,255
3,201901,1051.7,102,119,236
3,201902,1197.7,116,136,272
3,201903,1124.4,109,129,255
3,201904,920.0,90,108,207
3,201905,996.9,108,123,234
3,201906,1037.3,105,120,238
4,201807,1399.9,128,158,318
4,201808,1259.5,123,150,290
4,201809,1198.6,119,136,276
4,201810,1346.4,123,153,310
4,201811,1212.0,118,138,278
4,201812,1185.6,104,133,266
4,201901,1525.0,134,167,335
4,201902,883.4,91,101,204
4,201903,1192.4,118,135,270
4,201904,1230.5,116,136,273
4,201905,1018.35,105,126,228
4,201906,1196.0,118,134,268
5,201807,812.0,93,120,240
5,201808,745.1,97,112,213
5,201809,896.0,101,125,250
5,201810,798.0,88,107,214
5,201811,771.4,85,111,222
5,201812,879.2,95,125,250
5,201901,838.0,92,117,236
5,201902,727.0,87,106,212
5,201903,681.4,82,97,194
5,201904,721.8,86,109,218
5,201905,720.1,84,103,201
5,201906,910.8,102,126,254
6,201807,260.0,48,51,73
6,201808,203.2,44,47,67
6,201809,207.7,38,38,57
6,201810,292.4,52,54,82
6,201811,255.3,50,51,74
6,201812,209.1,38,41,57
6,201901,191.1,35,37,51
6,201902,224.0,40,40,63
6,201903,179.5,39,40,53
6,201904,197.9,37,38,54
6,201905,257.3,49,53,78
6,201906,207.4,39,40,59
7,201807,1024.7,100,120,228
7,201808,1119.9,109,130,252
7,201809,1147.3,111,128,252
7,201810,1063.9,108,124,234
7,201811,1076.5,111,129,248
7,201812,906.1,95,112,213
7,201901,975.1,102,113,221
7,201902,1026.4,98,120,234
7,201903,1145.8,123,138,263
7,201904,942.4,85,108,211
7,201905,969.2,100,122,220
7,201906,1089.6,108,128,246
8,201807,381.6,40,43,85
8,201808,383.0,46,46,87
8,201809,293.0,36,36,70
8,201810,422.8,45,49,98
8,201811,349.2,39,40,80
8,201812,356.4,36,40,79
8,201901,445.0,47,50,100
8,201902,345.4,37,38,76
8,201903,441.40000000000003,48,51,104
8,201904,364.8,39,41,81
8,201905,375.6,46,47,85
8,201906,341.0,35,38,76
9,201807,289.7,46,50,85
9,201808,327.5,52,56,95
9,201809,369.7,55,59,107
9,201810,361.0,55,57,104
9,201811,374.4,61,65,111
9,201812,382.6,58,61,110
9,201901,399.4,65,66,117
9,201902,259.4,43,45,76
9,201903,367.6,50,54,100
9,201904,267.6,45,46,81
9,201905,345.8,54,55,102
9,201906,267.7,44,45,78
10,201807,892.0,100,122,244
10,201808,878.65,96,123,239
10,201809,945.0,112,136,278
10,201810,910.8,93,125,254
10,201811,885.0,100,128,256
10,201812,936.6,108,134,272
10,201901,878.6,102,126,252
10,201902,853.0,97,121,242
10,201903,862.0,98,120,240
10,201904,746.2,85,105,212
10,201905,762.05,90,111,219
10,201906,752.4,87,104,210
11,201810,2.9,1,1,1
11,201812,3.8,1,1,1
12,201807,429.6,47,49,98
12,201808,360.8,44,45,85
12,201809,417.6,48,49,98
12,201810,423.6,43,46,94
12,201811,456.6,49,51,102
12,201812,495.2,53,57,114
12,201901,451.8,46,49,100
12,201902,334.4,38,38,76
12,201903,491.6,47,53,106
12,201904,467.2,44,49,100
12,201905,375.5,47,48,88
12,201906,306.0,35,36,72
13,201807,811.8,97,120,240
13,201808,756.9,96,113,220
13,201809,840.0,96,123,246
13,201810,851.0,97,122,246
13,201811,1049.4,120,152,308
13,201812,878.6,106,130,264
13,201901,927.0,97,130,260
13,201902,868.0,101,125,254
13,201903,1035.6,111,147,300
13,201904,1024.4,101,140,286
13,201905,803.2,93,127,237
13,201906,840.6,94,122,244
14,201807,46.9,8,8,15
14,201808,46.8,8,8,14
14,201809,47.5,7,7,13
14,201810,42.0,6,6,11
14,201811,47.6,8,8,14
14,201812,34.4,6,6,12
14,201901,18.0,3,3,6
14,201902,34.4,5,5,10
14,201903,13.2,2,2,4
14,201904,17.3,3,3,5
14,201905,9.4,3,3,4
14,201906,53.2,7,7,12
15,201807,742.6,84,103,206
15,201808,840.2,105,129,250
15,201809,837.0,89,119,238
15,201810,828.4,88,114,228
15,201811,647.2,78,96,192
15,201812,917.0,101,134,270
15,201901,873.8,99,124,248
15,201902,700.8,78,95,192
15,201903,773.0,88,109,218
15,201904,738.4,87,110,220
15,201905,768.85,95,117,219
15,201906,818.8,94,122,246
16,201807,113.8,32,33,33
16,201808,149.2,35,36,40
16,201809,140.2,35,39,41
16,201810,138.6,39,41,41
16,201811,150.1,40,41,41
16,201812,176.8,45,48,51
16,201901,153.3,41,41,41
16,201902,128.4,34,35,36
16,201903,156.7,38,41,41
16,201904,82.3,26,26,26
16,201905,133.5,31,32,38
16,201906,109.2,28,28,28
17,201807,485.7,56,57,109
17,201808,353.3,40,42,78
17,201809,377.0,40,43,83
17,201810,341.1,41,41,76
17,201811,403.6,42,46,88
17,201812,463.0,48,53,103
17,201901,364.6,39,43,83
17,201902,386.0,44,47,91
17,201903,440.3,50,52,101
17,201904,400.4,45,49,92
17,201905,333.2,42,43,80
17,201906,288.4,36,36,67
18,201807,326.6,52,55,88
18,201808,273.6,48,50,73
18,201809,262.5,43,47,74
18,201810,336.6,58,62,97
18,201811,258.0,45,48,74
18,201812,247.6,35,39,68
18,201901,266.7,47,48,74
18,201902,190.4,32,33,52
18,201903,269.5,47,48,78
18,201904,259.6,48,51,76
18,201905,288.0,48,50,81
18,201906,290.6,46,48,79
19,201807,729.1,84,95,163
19,201808,737.8,86,98,170
19,201809,774.6,81,96,169
19,201810,778.8,86,98,172
19,201811,764.7,88,100,176
19,201812,667.6,82,91,152
19,201901,992.0,111,125,224
19,201902,742.1,82,91,161
19,201903,548.9,66,72,126
19,201904,714.2,81,89,161
19,201905,844.4,93,108,191
19,201906,678.7,71,83,154
20,201807,269.2,56,57,72
20,201808,195.7,40,42,54
20,201809,215.9,46,48,64
20,201810,174.3,44,44,53
20,201811,154.7,36,37,46
20,201812,170.6,37,40,50
20,201901,188.2,41,44,55
20,201902,174.0,39,41,52
20,201903,269.5,56,60,77
20,201904,211.8,45,45,60
20,201905,230.85,44,47,70
20,201906,264.5,52,54,73
21,201807,409.4,42,46,92
21,201808,510.1,56,63,117
21,201809,382.6,41,46,91
21,201810,341.6,38,40,80
21,201811,554.4,59,63,126
21,201812,480.8,51,54,108
21,201901,415.2,45,47,96
21,201902,406.8,43,46,92
21,201903,384.0,43,45,90
21,201904,390.6,42,45,90
21,201905,486.0,55,61,112
21,201906,393.4,41,42,84
22,201807,309.2,49,51,94
22,201808,201.3,36,36,59
22,201809,302.9,42,43,82
22,201810,347.5,50,53,99
22,201811,262.2,42,42,78
22,201812,230.5,37,39,70
22,201901,325.8,48,55,96
22,201902,365.4,46,49,98
22,201903,316.2,49,50,91
22,201904,341.4,55,57,108
22,201905,415.5,59,63,111
22,201906,271.5,36,42,80
23,201807,890.8,96,124,252
23,201808,952.1,105,144,272
23,201809,720.8,88,104,216
23,201810,793.4,87,111,222
23,201811,826.0,94,119,240
23,201812,985.0,100,137,278
23,201901,930.8,103,134,270
23,201902,867.8,100,125,254
23,201903,767.6,86,104,212
23,201904,912.0,96,127,256
23,201905,841.5,96,125,243
23,201906,818.0,103,118,236
24,201807,719.2,90,107,214
24,201808,792.7,90,115,226
24,201809,857.4,95,123,246
24,201810,833.2,89,119,238
24,201811,702.0,86,101,208
24,201812,644.0,79,95,190
24,201901,820.6,98,118,238
24,201902,693.2,79,93,186
24,201903,830.6,90,118,238
24,201904,751.2,84,110,222
24,201905,804.9,95,125,241
24,201906,781.0,89,115,232
25,201807,414.6,43,47,94
25,201808,340.3,34,39,75
25,201809,398.6,42,45,90
25,201810,496.8,53,57,114
25,201811,554.2,57,63,126
25,201812,472.2,49,53,106
25,201901,443.6,45,48,96
25,201902,430.6,46,49,98
25,201903,451.8,49,51,104
25,201904,458.8,48,51,102
25,201905,405.35,47,49,93
25,201906,430.8,45,48,96
26,201807,1245.0,127,142,286
26,201808,1092.8,113,131,248
26,201809,1262.8,123,138,276
26,201810,1123.8,108,127,254
26,201811,1248.0,113,138,276
26,201812,1337.4,124,149,298
26,201901,1153.6,110,131,262
26,201902,1089.8,104,122,248
26,201903,1313.2,131,147,298
26,201904,1233.4,117,140,282
26,201905,1121.3,105,130,250
26,201906,1248.2,112,137,278
27,201807,470.1,51,53,105
27,201808,526.9,56,60,118
27,201809,436.40000000000003,49,50,100
27,201810,316.6,34,36,71
27,201811,403.1,46,46,90
27,201812,410.0,46,47,92
27,201901,424.0,45,47,91
27,201902,342.4,38,41,82
27,201903,459.4,46,52,100
27,201904,488.9,50,55,108
27,201905,363.4,44,46,81
27,201906,479.5,54,55,108
28,201807,754.0,90,109,218
28,201808,753.95,97,117,218
28,201809,787.8,84,108,216
28,201810,733.0,91,104,210
28,201811,895.0,101,125,250
28,201812,851.2,107,134,268
28,201901,794.4,91,114,232
28,201902,843.2,92,117,238
28,201903,701.2,78,96,198
28,201904,854.0,94,117,236
28,201905,615.6,79,93,182
28,201906,791.0,89,112,224
29,201807,309.2,37,37,71
29,201808,382.3,41,43,84
29,201809,475.3,48,54,105
29,201810,295.0,34,35,68
29,201811,348.2,36,39,77
29,201812,416.8,45,49,95
29,201901,455.2,49,53,105
29,201902,340.2,35,39,78
29,201903,422.9,48,51,100
29,201904,391.7,42,44,85
29,201905,472.3,54,59,111
29,201906,388.4,46,46,89
30,201807,879.8,94,123,248
30,201808,935.8,111,136,271
30,201809,860.6,96,116,238
30,201810,862.6,100,121,246
30,201811,819.0,93,115,232
30,201812,1014.0,99,131,266
30,201901,822.8,93,117,234
30,201902,838.0,94,123,246
30,201903,937.4,99,125,254
30,201904,811.0,91,113,228
30,201905,778.5,96,118,230
30,201906,800.0,94,116,234
31,201809,6.0,1,1,2
31,201811,8.8,1,1,2
32,201807,761.4,90,107,218
32,201808,751.0,93,112,220
32,201809,779.0,86,113,226
32,201810,1002.4,101,142,286
32,201811,1033.6,109,142,290
32,201812,921.4,103,131,270
32,201901,830.4,81,114,232
32,201902,575.0,70,81,166
32,201903,792.4,85,111,224
32,201904,851.6,97,118,238
32,201905,864.3,99,128,242
32,201906,821.0,91,119,238
33,201807,1045.6,116,152,306
33,201808,934.8000000000001,109,142,275
33,201809,921.0,103,128,258
33,201810,927.8,106,130,262
33,201811,888.0,102,126,252
33,201812,972.8,105,135,272
33,201901,970.6,103,136,277
33,201902,781.2,89,106,216
33,201903,901.4,98,124,250
33,201904,1087.4,104,150,304
33,201905,915.2,101,135,258
33,201906,818.2,98,119,238
34,201807,335.8,38,40,77
34,201808,343.7,44,45,77
34,201809,326.5,38,38,75
34,201810,444.7,50,51,97
34,201811,323.7,37,41,77
34,201812,455.7,50,55,105
34,201901,392.0,42,44,85
34,201902,273.7,32,34,62
34,201903,332.7,40,40,77
34,201904,419.3,46,48,94
34,201905,334.7,37,39,73
34,201906,283.7,32,35,66
35,201807,124.2,36,37,37
35,201808,147.6,40,40,43
35,201809,121.3,31,32,33
35,201810,128.1,33,33,34
35,201811,121.2,34,34,36
35,201812,147.1,35,37,40
35,201901,99.5,27,27,27
35,201902,117.2,32,32,34
35,201903,156.4,38,39,44
35,201904,143.6,37,40,41
35,201905,176.1,38,42,51
35,201906,126.6,29,31,33
36,201807,1014.2,102,112,226
36,201808,1078.05,111,129,245
36,201809,918.6,95,104,208
36,201810,1136.6,114,128,256
36,201811,1098.4,100,122,246
36,201812,1014.8000000000001,98,115,230
36,201901,923.4,89,106,214
36,201902,905.0,88,101,202
36,201903,942.0,94,107,214
36,201904,1017.4,97,113,228
36,201905,895.0,98,110,207
36,201906,1154.8,111,131,264
37,201807,471.6,48,51,100
37,201808,547.75,64,67,124
37,201809,372.8,44,44,86
37,201810,388.4,47,48,94
37,201811,264.5,30,31,61
37,201812,455.2,49,51,102
37,201901,392.1,40,44,86
37,201902,350.40000000000003,39,41,80
37,201903,442.2,44,51,102
37,201904,407.6,45,48,96
37,201905,276.9,32,32,63
37,201906,359.0,37,40,80
38,201807,301.6,46,48,77
38,201808,283.9,50,54,80
38,201809,268.6,43,46,75
38,201810,240.7,46,48,74
38,201811,352.2,53,59,98
38,201812,207.4,36,38,62
38,201901,299.8,54,58,89
38,201902,254.7,46,49,74
38,201903,225.1,39,43,66
38,201904,239.4,43,43,69
38,201905,220.7,44,46,67
38,201906,256.3,43,44,71
39,201807,866.0,99,126,256
39,201808,919.2,100,130,255
39,201809,873.0,100,121,252
39,201810,844.2,94,119,242
39,201811,856.4,103,126,252
39,201812,857.4,96,124,248
39,201901,865.6,94,127,254
39,201902,704.2,87,98,200
39,201903,912.0,98,131,264
39,201904,863.6,102,134,270
39,201905,807.65,96,121,237
39,201906,812.8,96,115,234
40,201807,1332.0,128,152,306
40,201808,1208.0,123,136,268
40,201809,1312.0,135,150,300
40,201810,1323.6,118,144,292
40,201811,1099.4,109,122,244
40,201812,1335.4,128,152,306
40,201901,1256.4,121,144,288
40,201902,1355.4,125,149,300
40,201903,1277.6,118,141,282
40,201904,1249.0,119,140,280
40,201905,1342.9,136,162,305
40,201906,1467.8,143,164,328
41,201807,216.4,49,50,61
41,201808,209.8,43,44,58
41,201809,216.1,44,46,58
41,201810,156.5,34,38,46
41,201811,199.3,46,47,60
41,201812,214.5,46,50,63
41,201901,169.0,36,37,45
41,201902,234.6,50,50,69
41,201903,226.2,46,49,67
41,201904,231.3,47,49,65
41,201905,258.8,51,52,66
41,201906,237.7,48,54,65
42,201807,27.3,7,7,9
42,201808,44.9,8,8,12
42,201809,21.2,6,6,8
42,201810,14.700000000000001,3,3,4
42,201811,8.4,2,2,2
42,201812,12.3,4,4,4
42,201901,35.2,9,9,10
42,201902,17.1,4,4,4
42,201903,24.2,5,5,6
42,201904,6.7,2,2,2
42,201905,30.3,9,9,10
42,201906,15.5,5,5,5
43,201807,1003.8,118,146,292
43,201808,1005.7,109,149,294
43,201809,974.8,100,135,272
43,201810,1026.4,111,145,292
43,201811,950.8,104,133,266
43,201812,1274.8,125,169,340
43,201901,1002.8,111,141,284
43,201902,852.2,99,121,242
43,201903,1118.2,118,160,320
43,201904,972.2,102,136,275
43,201905,1083.65,122,159,308
43,201906,1119.2,120,167,334
44,201807,23.7,4,4,6
44,201809,16.4,3,3,5
44,201810,26.9,5,5,7
44,201811,26.6,4,4,7
44,201812,33.5,7,7,11
44,201901,19.8,5,5,7
44,201902,36.7,4,4,7
44,201903,25.2,6,6,9
44,201904,20.900000000000002,5,5,7
44,201905,56.5,6,6,13
44,201906,50.0,9,9,16
45,201807,981.2,115,145,290
45,201808,669.1,84,102,189
45,201809,695.4,84,99,200
45,201810,718.0,85,102,208
45,201811,809.0,88,113,230
45,201812,791.0,88,111,224
45,201901,957.4,107,137,278
45,201902,806.0,85,107,214
45,201903,745.0,88,106,212
45,201904,809.4,90,117,234
45,201905,661.2,87,106,197
45,201906,865.8000000000001,96,119,242
46,201807,253.0,45,48,75
46,201808,240.7,44,46,67
46,201809,233.0,41,43,71
46,201810,275.1,47,49,81
46,201811,273.1,42,44,73
46,201812,306.9,50,53,85
46,201901,176.20000000000002,33,33,51
46,201902,222.4,38,38,68
46,201903,259.2,41,41,70
46,201904,260.0,47,49,81
46,201905,243.55,38,42,73
46,201906,280.3,47,49,82
47,201807,290.3,45,46,88
47,201808,407.85,55,59,106
47,201809,439.5,60,63,120
47,201810,376.7,46,52,103
47,201811,325.3,50,53,101
47,201812,475.0,71,76,145
47,201901,389.8,57,59,111
47,201902,362.5,50,51,100
47,201903,308.8,44,46,87
47,201904,381.4,53,56,109
47,201905,365.2,48,50,100
47,201906,385.6,55,59,112
48,201807,929.4,100,135,270
48,201808,851.1,98,123,237
48,201809,809.8,92,115,232
48,201810,879.2,89,120,248
48,201811,785.4,93,113,232
48,201812,917.2,92,120,242
48,201901,940.2,108,133,270
48,201902,733.0,82,99,202
48,201903,831.8,100,118,240
48,201904,862.4,95,127,260
48,201905,806.7,91,120,231
48,201906,867.2,97,128,260
49,201807,1099.7,104,127,251
49,201808,840.7,87,96,191
49,201809,1115.7,105,127,252
49,201810,1098.0,98,123,247
49,201811,1082.3,104,121,243
49,201812,1149.3,116,128,257
49,201901,1178.4,114,135,265
49,201902,987.3,104,115,230
49,201903,1261.8,124,144,288
49,201904,1024.0,107,116,229
49,201905,1177.4,119,141,272
49,201906,1273.1,121,147,291
50,201807,314.4,53,56,86
50,201808,292.4,53,56,86
50,201809,258.8,46,50,72
50,201810,252.8,46,50,76
50,201811,222.1,37,38,59
50,201812,331.2,64,69,99
50,201901,223.9,44,46,64
50,201902,154.5,32,32,45
50,201903,227.0,42,45,63
50,201904,242.4,47,49,71
50,201905,219.5,39,40,61
50,201906,270.8,43,47,74
51,201807,116.2,29,32,34
51,201808,208.3,41,44,59
51,201809,155.8,36,39,45
51,201810,133.3,30,31,36
51,201811,174.3,43,44,50
51,201812,185.0,43,46,55
51,201901,165.0,34,36,43
51,201902,208.5,50,50,59
51,201903,151.1,38,38,44
51,201904,165.7,36,38,45
51,201905,210.0,46,50,58
51,201906,132.3,27,29,36
52,201807,28.3,5,5,9
52,201808,40.3,7,7,13
52,201809,25.799999999999997,4,4,7
52,201810,34.3,5,5,8
52,201811,35.6,7,7,13
52,201812,47.8,6,6,12
52,201901,42.2,6,6,10
52,201902,27.1,4,4,7
52,201903,42.6,7,7,14
52,201904,46.3,9,9,13
52,201905,32.6,6,6,10
52,201906,62.400000000000006,9,9,15
53,201807,229.8,42,44,70
53,201808,255.1,48,49,75
53,201809,188.0,39,40,59
53,201810,238.9,42,45,69
53,201811,223.8,45,46,63
53,201812,302.6,51,55,82
53,201901,172.9,33,33,49
53,201902,179.1,36,37,54
53,201903,225.8,45,45,65
53,201904,227.8,39,41,63
53,201905,272.35,50,52,75
53,201906,198.9,41,42,53
54,201807,480.8,47,52,104
54,201808,384.2,42,44,86
54,201809,497.0,51,55,110
54,201810,442.0,51,52,104
54,201811,504.2,58,61,121
54,201812,458.2,45,51,102
54,201901,559.0,59,62,124
54,201902,341.8,37,38,76
54,201903,458.0,51,52,104
54,201904,517.4,54,59,118
54,201905,338.55,40,43,76
54,201906,389.7,43,46,91
55,201807,889.6,100,124,256
55,201808,910.3,105,136,269
55,201809,1028.8,111,141,284
55,201810,1024.4,107,142,290
55,201811,779.8,87,111,228
55,201812,834.4,96,123,250
55,201901,1003.2,114,140,282
55,201902,757.8,95,109,222
55,201903,943.6,104,136,276
55,201904,851.8,94,117,238
55,201905,736.85,93,113,208
55,201906,999.6,105,140,284
56,201807,674.6,84,94,188
56,201808,634.5,81,101,196
56,201809,691.0,77,98,198
56,201810,872.0,99,123,246
56,201811,714.0,86,105,212
56,201812,802.8,89,113,230
56,201901,647.0,73,94,190
56,201902,626.6,75,87,176
56,201903,699.4,82,100,200
56,201904,762.6,85,109,220
56,201905,673.65,82,97,189
56,201906,594.9,75,89,177
57,201807,839.6,103,124,250
57,201808,915.4,102,130,249
57,201809,792.8,99,116,236
57,201810,965.8,104,136,272
57,201811,830.0,100,117,234
57,201812,951.0,104,131,262
57,201901,852.8,87,120,240
57,201902,919.8,108,129,260
57,201903,807.4,99,121,248
57,201904,900.0,106,137,278
57,201905,846.7,109,130,246
57,201906,911.0,104,134,270
58,201807,1627.2,146,184,371
58,201808,1043.75,106,126,239
58,201809,1460.8,135,164,332
58,201810,1430.0,127,157,318
58,201811,1165.0,113,129,264
58,201812,1185.6,124,138,275
58,201901,1266.4,123,146,293
58,201902,1182.0,118,134,268
58,201903,1299.8,121,146,296
58,201904,1406.0,126,156,312
58,201905,1060.1,108,122,243
58,201906,1124.8,104,125,252
59,201807,1267.6,122,141,280
59,201808,932.5,100,113,212
59,201809,1105.2,110,124,248
59,201810,1135.8,106,132,266
59,201811,974.6,98,114,230
59,201812,1205.5,120,136,270
59,201901,1098.0,109,125,249
59,201902,932.3,99,108,214
59,201903,1088.8,96,126,252
59,201904,1079.8,112,124,246
59,201905,901.65,94,114,210
59,201906,1230.6,118,139,277
60,201807,1106.6,106,125,250
60,201808,1064.6,100,123,241
60,201809,1028.7,95,120,237
60,201810,958.8,95,110,218
60,201811,1169.5,112,133,268
60,201812,1282.9,116,147,293
60,201901,1075.4,102,121,241
60,201902,943.1,96,108,217
60,201903,1111.2,114,127,252
60,201904,1172.8,109,134,269
60,201905,1116.9,112,133,254
60,201906,897.2,93,105,210
61,201807,38.4,6,6,12
61,201808,27.900000000000002,6,6,8
61,201809,99.0,13,13,26
61,201810,56.0,7,7,14
61,201811,47.0,8,8,16
61,201812,27.799999999999997,4,4,8
61,201901,42.2,8,8,15
61,201902,47.1,9,9,17
61,201903,72.8,11,11,22
61,201904,52.400000000000006,6,6,12
61,201905,27.5,5,6,11
61,201906,24.8,4,4,8
62,201807,983.6,108,138,278
62,201808,792.4,96,115,227
62,201809,972.8,103,134,272
62,201810,840.2,100,122,246
62,201811,952.8,97,134,272
62,201812,912.4,107,135,270
62,201901,887.8,98,125,254
62,201902,864.4,101,123,248
62,201903,889.8,103,128,258
62,201904,885.2,103,126,252
62,201905,754.9,94,114,219
62,201906,846.8,96,120,240
63,201807,1053.2,113,141,284
63,201808,986.6,111,144,280
63,201809,972.6,111,136,276
63,201810,908.0,100,130,260
63,201811,950.4,111,140,280
63,201812,992.8,115,141,286
63,201901,1019.8000000000001,113,148,296
63,201902,781.2,89,110,220
63,201903,1125.2,121,157,314
63,201904,1029.0,121,148,298
63,201905,1151.0,133,175,339
63,201906,1115.2,118,161,326
64,201807,515.4,54,58,116
64,201808,374.3,42,45,86
64,201809,419.4,44,46,92
64,201810,482.6,50,54,108
64,201811,389.6,39,43,86
64,201812,363.40000000000003,39,41,82
64,201901,358.8,37,40,80
64,201902,339.6,39,40,80
64,201903,473.6,50,55,110
64,201904,401.6,44,45,89
64,201905,425.3,49,53,98
64,201906,351.0,39,40,80
65,201807,1013.4,103,114,225
65,201808,965.0,100,117,220
65,201809,952.7,93,112,216
65,201810,1113.8,108,129,249
65,201811,1111.8,108,129,254
65,201812,1274.4,124,146,287
65,201901,1171.3,114,133,264
65,201902,1234.7,116,142,280
65,201903,1117.0,112,132,260
65,201904,933.0,95,107,208
65,201905,1066.55,105,128,236
65,201906,1061.4,109,122,238
66,201807,371.6,43,44,85
66,201808,484.8,51,56,110
66,201809,484.6,48,55,110
66,201810,386.6,42,43,86
66,201811,299.0,35,35,70
66,201812,443.2,43,49,97
66,201901,482.0,50,55,109
66,201902,333.2,34,37,74
66,201903,519.5,53,60,119
66,201904,529.7,56,62,122
66,201905,386.0,45,47,88
66,201906,421.8,45,47,94
67,201807,859.4,98,121,242
67,201808,902.9,105,134,256
67,201809,810.4,98,113,232
67,201810,944.8,110,129,260
67,201811,781.6,92,113,232
67,201812,778.4,91,109,218
67,201901,912.8,111,133,268
67,201902,734.6,86,101,206
67,201903,890.4,94,126,262
67,201904,921.4,101,132,264
67,201905,884.1,111,136,251
67,201906,905.2,103,123,248
68,201807,313.1,38,39,72
68,201808,303.7,38,41,67
68,201809,286.3,30,33,66
68,201810,289.7,32,35,66
68,201811,386.8,43,47,92
68,201812,389.7,43,46,89
68,201901,380.8,43,46,87
68,201902,356.3,39,42,80
68,201903,359.6,34,39,78
68,201904,273.4,32,34,63
68,201905,386.6,40,41,81
68,201906,201.5,22,23,42
69,201807,956.6,116,141,284
69,201808,983.85,118,154,284
69,201809,950.4,106,132,264
69,201810,844.4,96,123,246
69,201811,1130.2,123,160,320
69,201812,942.6,106,132,264
69,201901,849.2,102,124,250
69,201902,914.8,107,128,260
69,201903,932.4,104,132,268
69,201904,815.8,96,112,226
69,201905,913.8,105,138,271
69,201906,1054.8,112,148,296
70,201807,920.2,111,137,274
70,201808,860.8000000000001,95,130,247
70,201809,888.2,101,127,258
70,201810,789.6,94,114,232
70,201811,787.2,84,109,220
70,201812,699.6,83,100,202
70,201901,891.8,95,130,262
70,201902,710.6,89,102,204
70,201903,763.2,84,102,208
70,201904,790.4,89,110,222
70,201905,718.4,87,105,204
70,201906,663.0,78,98,200
71,201807,1098.6,114,154,312
71,201808,972.1,107,143,273
71,201809,879.8,99,124,250
71,201810,861.2,100,125,252
71,201811,960.2,97,134,272
71,201812,950.6,107,139,278
71,201901,904.0,103,133,268
71,201902,1041.0,113,149,300
71,201903,1080.0,118,147,296
71,201904,980.0,115,141,284
71,201905,900.5,111,137,263
71,201906,922.8,104,134,272
72,201807,1323.6,118,145,294
72,201808,1243.7,120,148,283
72,201809,1172.6,111,135,271
72,201810,1224.6,117,138,278
72,201811,1089.6,106,121,244
72,201812,1169.0,116,133,268
72,201901,1295.4,113,146,296
72,201902,1120.0,113,130,260
72,201903,1253.4,125,140,280
72,201904,1025.4,102,116,236
72,201905,1071.9,105,128,243
72,201906,1215.2,119,136,272
73,201807,361.5,53,56,103
73,201808,310.6,46,47,86
73,201809,332.0,44,45,81
73,201810,358.5,54,58,105
73,201811,252.5,40,40,75
73,201812,332.3,46,49,92
73,201901,330.1,50,51,96
73,201902,323.1,48,49,94
73,201903,299.2,46,47,85
73,201904,367.0,56,57,108
73,201905,314.6,42,45,83
73,201906,322.8,48,51,94
74,201807,206.0,42,45,60
74,201808,135.9,31,32,36
74,201809,180.2,40,42,54
74,201810,214.8,45,48,61
74,201811,140.8,34,34,42
74,201812,200.2,43,44,56
74,201901,179.8,38,39,50
74,201902,202.1,45,45,56
74,201903,171.4,37,39,49
74,201904,169.0,34,35,49
74,201905,209.0,37,38,58
74,201906,235.7,50,54,67
75,201807,1092.5,99,125,249
75,201808,1070.4,110,131,241
75,201809,1151.6,105,129,259
75,201810,1255.6,124,145,288
75,201811,1147.2,105,124,253
75,201812,1077.6,101,120,242
75,201901,1168.6,107,131,262
75,201902,1007.4,95,112,224
75,201903,901.6,94,107,212
75,201904,1149.5,106,130,259
75,201905,1027.4,101,119,231
75,201906,1040.2,102,119,240
76,201810,6.0,1,1,2
77,201807,296.8,51,55,84
77,201808,255.5,47,48,74
77,201809,225.20000000000002,42,44,70
77,201810,204.5,37,38,52
77,201811,245.3,41,44,67
77,201812,267.3,46,48,72
77,201901,204.4,35,39,65
77,201902,235.0,45,45,74
77,201903,278.5,50,55,82
77,201904,263.5,47,48,78
77,201905,299.3,55,56,84
77,201906,264.7,41,42,70
78,201807,810.8,91,115,234
78,201808,786.8000000000001,91,116,223
78,201809,827.2,101,118,236
78,201810,839.4,96,125,250
78,201811,753.4,90,112,224
78,201812,692.2,79,99,198
78,201901,756.6,89,110,220
78,201902,731.6,86,102,204
78,201903,793.2,95,114,230
78,201904,710.6,80,103,206
78,201905,877.45,99,128,252
78,201906,802.0,97,116,232
79,201807,1080.1,110,125,243
79,201808,924.05,101,119,215
79,201809,1124.8,115,134,261
79,201810,986.9,103,112,220
79,201811,1062.7,104,128,243
79,201812,970.1,102,112,221
79,201901,994.5,105,117,225
79,201902,994.8,97,116,223
79,201903,895.4,93,106,205
79,201904,1007.3,102,117,224
79,201905,927.75,101,111,208
79,201906,862.8000000000001,87,99,189
80,201807,1029.9,104,124,237
80,201808,952.8,103,120,217
80,201809,1050.9,106,125,239
80,201810,1100.0,119,132,247
80,201811,851.6,82,96,188
80,201812,934.4,102,111,210
80,201901,1033.8,113,126,235
80,201902,924.6,94,109,205
80,201903,978.3,107,117,218
80,201904,953.9,96,113,213
80,201905,894.3000000000001,95,111,199
80,201906,1052.4,116,127,243
81,201807,1235.9,117,143,283
81,201808,1073.3,110,132,245
81,201809,1357.6,129,152,302
81,201810,1014.6,104,117,231
81,201811,1052.3,101,119,239
81,201812,1360.0,127,156,312
81,201901,1166.6,110,130,262
81,201902,1151.9,108,127,253
81,201903,1273.5,115,144,285
81,201904,1172.5,110,132,266
81,201905,1152.05,119,135,257
81,201906,1351.7,122,151,305
82,201807,348.5,46,50,97
82,201808,326.7,43,48,91
82,201809,332.1,44,46,91
82,201810,290.5,41,43,84
82,201811,326.5,49,51,100
82,201812,306.5,42,43,85
82,201901,359.1,49,53,102
82,201902,276.5,44,44,82
82,201903,398.0,52,58,114
82,201904,323.0,51,51,100
82,201905,414.5,52,56,106
82,201906,401.6,51,55,108
83,201807,792.4,95,115,234
83,201808,799.8,100,120,227
83,201809,826.4,88,114,228
83,201810,759.8,85,117,236
83,201811,802.4,93,109,226
83,201812,912.0,108,136,274
83,201901,847.0,96,126,254
83,201902,765.6,88,105,210
83,201903,817.8,96,117,236
83,201904,840.0,94,118,240
83,201905,819.5,90,118,234
83,201906,942.2,99,128,258
84,201807,511.4,55,59,118
84,201808,449.1,54,54,101
84,201809,416.2,46,46,92
84,201810,473.6,49,53,106
84,201811,448.8,48,50,100
84,201812,506.8,53,58,116
84,201901,432.6,46,50,100
84,201902,365.6,39,42,86
84,201903,352.8,39,40,80
84,201904,434.8,45,50,100
84,201905,530.2,56,60,117
84,201906,474.4,46,52,104
85,201807,13.9,3,3,5
86,201807,892.2,99,126,251
86,201808,764.05,94,110,215
86,201809,914.6,103,128,258
86,201810,948.4,109,138,276
86,201811,918.0,100,125,254
86,201812,841.2,98,120,240
86,201901,841.4,94,129,260
86,201902,913.2,107,138,277
86,201903,1026.8,115,140,284
86,201904,848.2,105,126,254
86,201905,889.3,104,128,259
86,201906,838.0,98,118,238
87,201807,315.0,39,40,70
87,201808,301.2,37,39,69
87,201809,314.6,41,42,70
87,201810,386.0,46,50,87
87,201811,280.0,39,41,66
87,201812,430.1,52,55,94
87,201901,358.6,44,47,82
87,201902,294.2,37,40,66
87,201903,327.7,37,41,73
87,201904,297.0,33,37,64
87,201905,343.1,48,49,79
87,201906,344.1,43,45,82
88,201807,1310.0,129,153,306
88,201808,1323.8,131,158,303
88,201809,1423.0,124,157,318
88,201810,1352.4,123,155,316
88,201811,1382.8,130,156,314
88,201812,1325.2,126,148,298
88,201901,1266.4,117,144,292
88,201902,1370.2,124,153,308
88,201903,1477.2,134,169,340
88,201904,1439.4,128,162,324
88,201905,1308.25,128,154,299
88,201906,1354.6,121,148,300
89,201807,219.8,49,50,61
89,201808,185.5,45,47,55
89,201809,188.8,41,43,54
89,201810,260.8,56,58,80
89,201811,191.3,43,45,59
89,201812,126.8,30,32,39
89,201901,213.3,46,49,62
89,201902,151.1,33,35,43
89,201903,255.7,56,59,77
89,201904,169.70000000000002,38,41,47
89,201905,242.7,49,52,69
89,201906,184.6,41,44,53
90,201807,235.4,41,41,66
90,201808,224.5,38,39,64
90,201809,162.4,28,28,49
90,201810,319.40000000000003,54,56,88
90,201811,226.2,35,38,66
90,201812,262.7,45,50,83
90,201901,305.8,50,53,87
90,201902,253.20000000000002,43,45,73
90,201903,336.6,57,60,94
90,201904,243.4,40,44,68
90,201905,307.7,49,52,93
90,201906,285.8,43,48,75
91,201807,827.7,85,98,189
91,201808,916.1,93,106,206
91,201809,1000.1,99,113,224
91,201810,851.8,87,100,193
91,201811,911.2,97,109,209
91,201812,866.8,89,97,189
91,201901,856.3,90,101,195
91,201902,914.7,84,99,197
91,201903,913.8,94,108,207
91,201904,907.7,89,107,205
91,201905,1083.2,110,129,243
91,201906,972.5,100,115,220
92,201903,9.2,1,1,2
93,201807,1080.4,114,147,298
93,201808,998.1,112,149,287
93,201809,1161.8,130,169,340
93,201810,1038.0,114,148,298
93,201811,944.2,102,137,276
93,201812,1207.0,126,167,336
93,201901,999.0,107,138,282
93,201902,995.0,104,137,276
93,201903,1039.0,113,145,290
93,201904,1095.6,129,155,312
93,201905,1093.5,122,162,316
93,201906,1162.2,121,164,328
94,201807,940.0,108,135,270
94,201808,1162.25,118,159,315
94,201809,966.8,107,139,280
94,201810,1039.0,107,142,284
94,201811,988.9,106,141,285
94,201812,881.4,101,124,248
94,201901,993.6,109,141,284
94,201902,873.4,99,123,250
94,201903,998.4,118,144,290
94,201904,902.6,97,131,262
94,201905,931.9,105,141,283
94,201906,796.4,96,110,226
95,201807,1053.4,100,119,239
95,201808,1277.45,129,150,290
95,201809,1119.2,107,123,250
95,201810,1216.2,121,136,271
95,201811,1144.6,114,130,261
95,201812,1099.2,110,125,250
95,201901,1106.9,109,125,252
95,201902,1083.2,110,126,250
95,201903,1295.1,119,152,306
95,201904,1164.0,117,135,270
95,201905,1193.55,119,141,270
95,201906,1162.7,116,133,265
96,201807,357.4,41,41,82
96,201808,394.0,40,43,87
96,201809,365.40000000000003,38,40,80
96,201810,276.4,31,31,62
96,201811,375.8,40,42,84
96,201812,506.2,54,56,112
96,201901,435.2,45,49,98
96,201902,351.4,38,41,82
96,201903,367.6,39,41,82
96,201904,408.4,42,47,93
96,201905,278.9,30,32,63
96,201906,270.0,31,31,62
97,201807,848.2,87,116,232
97,201808,917.35,116,145,278
97,201809,908.8,95,128,256
97,201810,993.2,105,140,280
97,201811,853.4,101,129,258
97,201812,899.4,105,124,254
97,201901,844.6,99,121,246
97,201902,755.2,83,111,222
97,201903,853.6,95,122,246
97,201904,813.0,92,120,240
97,201905,883.3000000000001,103,130,253
97,201906,862.0,103,130,268
98,201807,128.7,34,35,38
98,201808,95.0,25,25,30
98,201809,112.0,31,32,34
98,201810,144.7,39,41,43
98,201811,106.5,30,30,30
98,201812,175.2,44,45,46
98,201901,108.5,29,29,30
98,201902,107.2,27,28,30
98,201903,112.10000000000001,31,32,32
98,201904,175.7,43,45,49
98,201905,164.5,42,43,48
98,201906,159.1,37,38,43
99,201807,18.5,5,5,5
99,201808,14.8,3,3,4
99,201809,23.400000000000002,7,7,9
99,201810,14.7,5,5,5
99,201811,17.2,4,4,5
99,201812,4.2,1,1,1
99,201901,15.700000000000001,4,4,4
99,201902,22.2,8,8,8
99,201903,30.3,8,9,9
99,201904,13.8,5,5,5
99,201905,24.3,6,6,7
99,201906,22.8,7,7,7
100,201807,1027.0,116,154,312
100,201808,925.8,109,138,274
100,201809,954.0,104,140,280
100,201810,1025.6,106,144,290
100,201811,833.6,90,115,234
100,201812,1020.6,109,142,288
100,201901,1033.6,109,147,298
100,201902,936.4,97,129,264
100,201903,1060.8,110,148,300
100,201904,993.8,111,137,276
100,201905,1001.5,107,145,289
100,201906,1018.0,118,151,306
101,201807,876.6,99,125,252
101,201808,866.0,103,124,234
101,201809,836.4,93,118,238
101,201810,892.0,102,128,256
101,201811,865.6,99,122,246
101,201812,759.2,90,114,232
101,201901,846.4,97,124,248
101,201902,825.4,95,117,236
101,201903,695.8,82,100,200
101,201904,804.0,95,114,230
101,201905,871.9,99,130,260
101,201906,938.4,101,130,260
102,201807,782.4,92,111,222
102,201808,986.4,104,139,272
102,201809,970.4,107,138,276
102,201810,902.2,103,132,264
102,201811,930.0,98,125,252
102,201812,816.6,99,116,236
102,201901,898.0,106,126,256
102,201902,773.4,98,114,228
102,201903,821.8,97,121,244
102,201904,718.6,85,101,202
102,201905,890.9,103,130,244
102,201906,950.0,107,135,272
103,201807,196.3,37,39,61
103,201808,255.1,42,44,75
103,201809,274.3,47,49,83
103,201810,255.0,40,40,74
103,201811,410.2,61,69,114
103,201812,292.3,51,53,85
103,201901,316.7,51,54,88
103,201902,281.6,50,51,82
103,201903,336.7,56,61,101
103,201904,283.3,43,45,78
103,201905,316.90000000000003,52,57,94
103,201906,248.5,41,48,74
104,201807,817.0,97,118,236
104,201808,881.9,104,126,241
104,201809,829.8,95,114,232
104,201810,915.8,98,136,272
104,201811,766.6,78,110,220
104,201812,897.2,101,131,264
104,201901,902.4,97,126,252
104,201902,844.2,99,119,238
104,201903,962.0,104,135,272
104,201904,789.0,91,115,230
104,201905,1000.7,114,147,286
104,201906,737.8,86,104,208
105,201807,928.9,97,131,265
105,201808,923.7,112,145,277
105,201809,846.6,103,126,256
105,201810,880.0,97,123,252
105,201811,771.4,95,111,224
105,201812,1048.6,109,148,300
105,201901,807.0,87,114,234
105,201902,751.8,85,109,220
105,201903,916.8,95,129,258
105,201904,944.6,101,132,264
105,201905,818.1,92,123,232
105,201906,835.0,91,119,242
106,201807,1042.8,111,140,288
106,201808,799.85,102,124,233
106,201809,1158.4,121,164,328
106,201810,928.6,102,131,262
106,201811,966.8,113,140,284
106,201812,820.4,96,117,236
106,201901,869.6,101,127,260
106,201902,833.2,97,118,236
106,201903,938.6,109,136,274
106,201904,815.4,96,113,228
106,201905,878.75,111,137,264
106,201906,690.2,82,102,204
107,201807,805.4,90,113,230
107,201808,868.7,100,127,249
107,201809,751.6,88,102,206
107,201810,827.0,91,114,232
107,201811,757.4,92,112,224
107,201812,766.4,89,111,222
107,201901,878.0,102,126,254
107,201902,579.2,70,85,170
107,201903,812.0,95,122,244
107,201904,848.6,91,122,246
107,201905,737.0,90,113,204
107,201906,671.4,78,94,190
108,201807,242.70000000000002,30,30,57
108,201808,401.4,44,45,88
108,201809,318.7,38,39,70
108,201810,231.6,28,30,54
108,201811,272.9,34,34,63
108,201812,291.6,32,34,63
108,201901,330.8,40,41,75
108,201902,321.4,41,41,74
108,201903,317.6,36,38,73
108,201904,292.4,38,38,68
108,201905,400.4,50,54,96
108,201906,311.6,35,36,68
109,201807,884.0,108,136,274
109,201808,828.3,89,118,225
109,201809,871.4,102,123,248
109,201810,957.6,107,138,276
109,201811,929.6,101,132,266
109,201812,908.8,101,132,270
109,201901,858.6,92,117,234
109,201902,858.4,91,122,246
109,201903,1039.2,114,145,292
109,201904,728.6,80,104,208
109,201905,720.6,90,112,204
109,201906,814.0,90,114,234
110,201807,698.1,89,99,195
110,201808,761.4,89,111,210
110,201809,682.8,79,96,194
110,201810,784.4,92,112,224
110,201811,768.2,95,111,224
110,201812,968.2,112,141,284
110,201901,924.0,106,131,264
110,201902,691.2,82,100,200
110,201903,957.2,114,137,278
110,201904,849.4,99,116,234
110,201905,842.4,97,118,234
110,201906,761.4,88,106,218
111,201807,224.9,51,52,63
111,201808,272.6,44,47,73
111,201809,156.6,36,37,48
111,201810,211.0,43,45,60
111,201811,181.6,39,42,51
111,201812,215.7,47,48,64
111,201901,167.6,40,42,53
111,201902,167.4,34,38,52
111,201903,228.9,48,52,66
111,201904,195.4,40,41,53
111,201905,179.8,43,45,55
111,201906,206.2,43,46,59
112,201807,998.8,106,143,292
112,201808,974.8,109,147,286
112,201809,926.8,111,135,270
112,201810,915.0,109,132,266
112,201811,902.0,93,122,250
112,201812,866.8,100,127,258
112,201901,957.2,103,139,282
112,201902,1049.2,116,150,306
112,201903,1035.6,107,140,284
112,201904,938.4,108,129,266
112,201905,815.2,102,121,232
112,201906,1012.6,114,142,288
113,201807,918.4,103,132,264
113,201808,1009.9,106,144,282
113,201809,962.6,98,130,264
113,201810,894.6,92,124,248
113,201811,905.8,100,130,260
113,201812,965.8000000000001,105,132,270
113,201901,766.4,89,113,230
113,201902,766.2,84,108,216
113,201903,960.0,100,138,276
113,201904,774.8,93,112,224
113,201905,775.5,96,120,226
113,201906,851.6,96,117,240
114,201807,945.0,103,134,268
114,201808,870.95,105,130,246
114,201809,922.8,109,134,272
114,201810,1085.0,117,145,292
114,201811,931.2,108,132,264
114,201812,917.6,99,129,260
114,201901,928.6,100,127,254
114,201902,866.4,95,122,244
114,201903,980.6,113,144,288
114,201904,886.8,106,132,268
114,201905,786.95,96,126,241
114,201906,1017.6,105,145,294
115,201807,358.9,49,54,105
115,201808,322.2,47,50,88
115,201809,296.6,42,42,82
115,201810,275.0,38,39,77
115,201811,316.7,46,47,93
115,201812,423.2,54,58,113
115,201901,320.0,43,46,90
115,201902,295.4,41,42,82
115,201903,282.8,37,40,80
115,201904,389.0,52,54,107
115,201905,402.55,59,64,121
115,201906,308.0,46,47,94
116,201807,835.0,91,119,238
116,201808,832.4,100,133,247
116,201809,889.4,94,120,242
116,201810,861.0,104,125,254
116,201811,837.0,85,115,234
116,201812,896.8,104,130,262
116,201901,863.8,103,125,254
116,201902,752.6,86,103,210
116,201903,883.8,98,128,258
116,201904,935.6,91,129,260
116,201905,900.1,106,132,256
116,201906,867.0,97,124,248
117,201807,2.6,1,1,1
117,201808,14.4,4,4,5
117,201809,11.6,4,4,4
117,201810,23.9,7,7,7
117,201811,26.8,7,7,7
117,201812,27.900000000000002,8,8,8
117,201902,5.9,2,2,2
117,201903,10.7,2,2,2
117,201904,18.6,5,5,5
117,201905,13.3,4,4,4
117,201906,6.1,2,2,2
118,201807,799.4,92,115,230
118,201808,755.95,103,120,223
118,201809,722.2,89,103,208
118,201810,783.0,88,108,218
118,201811,740.4,89,108,216
118,201812,945.0,112,137,276
118,201901,977.4,100,136,274
118,201902,827.4,88,113,230
118,201903,878.0,106,125,250
118,201904,890.2,104,131,262
118,201905,789.6,87,115,226
118,201906,830.0,96,115,232
119,201807,1074.4,107,125,250
119,201808,991.1,104,120,225
119,201809,988.4,98,111,223
119,201810,860.8,91,101,198
119,201811,965.2,97,111,216
119,201812,983.8,100,114,227
119,201901,935.1,91,109,211
119,201902,1004.3,99,116,228
119,201903,977.7,97,114,223
119,201904,879.1,85,104,203
119,201905,807.2,79,95,180
119,201906,871.4,87,101,200
120,201807,98.7,28,28,30
120,201808,248.0,55,61,71
120,201809,147.5,34,40,44
120,201810,106.10000000000001,26,26,29
120,201811,132.3,39,39,39
120,201812,145.9,38,40,45
120,201901,192.2,46,48,51
120,201902,129.0,31,32,35
120,201903,109.2,30,30,32
120,201904,122.0,32,34,35
120,201905,191.05,49,51,55
120,201906,188.2,44,46,54
121,201807,391.7,57,64,110
121,201808,294.1,54,57,91
121,201809,345.5,51,54,93
121,201810,281.6,46,48,82
121,201811,263.7,43,46,81
121,201812,314.4,48,51,90
121,201901,315.9,54,57,93
121,201902,230.6,32,34,58
121,201903,290.5,49,51,87
121,201904,226.1,40,42,70
121,201905,318.9,53,54,91
121,201906,256.0,46,48,82
122,201807,864.4,99,126,254
122,201808,892.5,106,131,246
122,201809,917.4,104,130,262
122,201810,872.2,101,128,260
122,201811,754.2,85,108,220
122,201812,833.0,98,116,232
122,201901,898.6,100,129,260
122,201902,724.4,79,101,202
122,201903,865.0,98,127,254
122,201904,787.6,90,112,226
122,201905,813.3,97,121,234
122,201906,879.0,102,126,256
123,201807,1105.4,107,126,250
123,201808,1353.0,133,153,302
123,201809,1154.2,111,134,266
123,201810,1286.1,124,144,284
123,201811,1177.9,120,138,273
123,201812,1060.5,104,121,240
123,201901,965.6,96,110,219
123,201902,1211.0,119,138,272
123,201903,1160.2,112,132,259
123,201904,1092.5,109,122,242
123,201905,955.1,100,114,222
123,201906,946.9,93,110,222
124,201807,104.9,28,29,33
124,201808,200.9,38,40,53
124,201809,150.0,39,40,46
124,201810,175.70000000000002,41,41,48
124,201811,230.4,52,53,63
124,201812,167.9,38,42,49
124,201901,161.4,40,40,47
124,201902,220.1,48,50,66
124,201903,219.9,50,52,63
124,201904,154.4,35,38,43
124,201905,157.70000000000002,40,40,43
124,201906,175.1,38,40,49
125,201807,1039.8,98,121,244
125,201808,1114.75,111,132,252
125,201809,1217.2,123,141,282
125,201810,1120.7,111,125,249
125,201811,1187.0,123,141,281
125,201812,1218.6,119,138,277
125,201901,1109.7,108,127,256
125,201902,915.8,86,103,208
125,201903,1235.4,121,141,280
125,201904,1108.2,108,124,245
125,201905,1073.3,107,132,247
125,201906,1012.4,99,113,227
126,201807,331.6,35,38,76
126,201808,314.3,38,38,71
126,201809,351.4,37,41,81
126,201810,332.5,35,38,77
126,201811,443.1,47,50,99
126,201812,444.0,48,48,98
126,201901,421.2,45,47,93
126,201902,498.3,54,59,117
126,201903,472.0,49,52,103
126,201904,300.6,35,36,71
126,201905,469.0,51,56,108
126,201906,413.7,43,46,91
127,201807,43.9,9,9,15
127,201808,39.699999999999996,7,7,11
127,201809,33.6,4,4,7
127,201810,19.0,4,4,6
127,201811,47.699999999999996,9,9,13
127,201812,15.0,4,4,5
127,201901,36.4,8,8,12
127,201902,14.4,4,4,7
127,201903,34.1,7,7,10
127,201904,33.199999999999996,6,6,10
127,201905,27.6,4,4,10
127,201906,32.3,6,6,10
128,201807,1036.8,116,146,296
128,201808,910.1,102,137,274
128,201809,959.6,108,144,288
128,201810,1097.6,108,151,310
128,201811,1002.4,109,142,288
128,201812,1043.0,114,148,298
128,201901,895.4,104,125,250
128,201902,1006.4,99,139,288
128,201903,904.6,97,123,250
128,201904,1065.6,120,154,310
128,201905,895.5,102,138,264
128,201906,989.2,104,145,292
129,201807,738.6,83,105,214
129,201808,898.7,97,125,246
129,201809,868.0,89,121,244
129,201810,812.2,92,114,230
129,201811,699.8,84,101,202
129,201812,812.4,100,120,242
129,201901,885.4,95,123,252
129,201902,803.6,94,114,230
129,201903,849.2,95,123,250
129,201904,852.8,90,112,230
129,201905,811.2,97,123,232
129,201906,739.2,94,115,230
130,201807,1273.8,121,148,295
130,201808,1233.95,127,152,285
130,201809,961.4,95,112,223
130,201810,1336.1,136,154,307
130,201811,1131.5,112,128,255
130,201812,1196.7,123,134,265
130,201901,1115.4,116,126,252
130,201902,1125.2,103,128,255
130,201903,1272.1,120,142,285
130,201904,948.0,94,106,214
130,201905,1326.9,121,154,299
130,201906,1368.6,130,151,301
131,201807,267.4,56,60,78
131,201808,233.4,46,47,65
131,201809,195.3,39,40,50
131,201810,222.3,49,51,64
131,201811,210.9,47,48,60
131,201812,171.2,38,39,53
131,201901,202.8,47,49,60
131,201902,188.5,40,41,59
131,201903,225.1,48,51,71
131,201904,219.7,40,41,61
131,201905,172.9,33,36,50
131,201906,160.9,36,37,47
132,201807,52.3,11,11,17
132,201808,24.200000000000003,4,4,7
132,201809,42.400000000000006,5,6,12
132,201810,57.8,10,10,18
132,201811,39.3,6,6,11
132,201812,26.200000000000003,4,4,8
132,201901,29.6,5,5,9
132,201902,15.4,3,3,6
132,201903,72.8,9,9,18
132,201904,22.0,3,3,6
132,201905,75.1,11,11,23
132,201906,38.300000000000004,5,5,9
133,201807,1021.8,110,148,296
133,201808,916.1,111,141,269
133,201809,913.0,112,135,274
133,201810,983.6,112,140,284
133,201811,945.4,104,135,274
133,201812,1081.2,113,155,316
133,201901,1081.8,120,156,314
133,201902,825.3,98,113,235
133,201903,917.8,105,133,268
133,201904,962.4,113,139,278
133,201905,959.35,110,152,291
133,201906,966.2,105,137,276
134,201807,419.2,47,49,98
134,201808,432.65,48,54,99
134,201809,463.8,50,54,108
134,201810,473.4,48,52,106
134,201811,467.6,54,56,112
134,201812,413.4,42,46,94
134,201901,384.2,43,43,86
134,201902,347.6,36,39,78
134,201903,388.6,44,46,92
134,201904,594.6,64,66,132
134,201905,407.1,48,51,96
134,201906,454.2,51,54,108
135,201807,24.4,5,5,7
135,201808,33.3,8,8,10
135,201809,26.0,4,5,8
135,201810,33.8,7,7,10
135,201811,26.0,6,6,8
135,201812,35.5,7,8,10
135,201901,33.1,6,6,9
135,201902,33.7,7,7,9
135,201903,22.4,4,4,7
135,201904,38.5,6,6,9
135,201905,34.4,6,6,10
135,201906,39.0,5,5,10
136,201807,118.8,27,29,33
136,201808,173.2,38,41,48
136,201809,159.9,30,33,41
136,201810,174.6,41,42,53
136,201811,150.1,33,37,42
136,201812,160.3,37,39,45
136,201901,130.5,33,33,37
136,201902,181.0,43,44,52
136,201903,174.0,35,37,46
136,201904,185.0,42,44,57
136,201905,185.6,44,44,51
136,201906,229.3,50,52,62
137,201807,1034.4,121,145,292
137,201808,888.95,103,126,246
137,201809,1021.2,99,138,280
137,201810,1046.8,117,148,298
137,201811,841.4,100,120,242
137,201812,882.6,107,125,252
137,201901,974.0,106,135,270
137,201902,871.2,96,120,240
137,201903,731.8,90,105,212
137,201904,826.8,101,119,238
137,201905,1061.3,115,147,291
137,201906,818.0,95,122,246
138,201807,822.4,93,119,242
138,201808,707.4,86,105,208
138,201809,913.6,114,136,272
138,201810,1015.4,113,145,294
138,201811,991.4,105,142,284
138,201812,918.0,107,129,260
138,201901,954.8,100,131,266
138,201902,748.6,90,111,224
138,201903,940.6,106,138,276
138,201904,834.2,106,128,256
138,201905,832.4,97,127,245
138,201906,1146.0,123,158,318
139,201807,36.5,9,9,12
139,201808,34.1,6,6,9
139,201809,21.2,4,4,6
139,201810,38.800000000000004,9,9,13
139,201811,19.3,4,4,6
139,201812,32.1,6,6,9
139,201901,23.8,4,4,6
139,201902,22.8,4,4,6
139,201903,32.800000000000004,6,6,8
139,201904,36.8,7,7,10
139,201905,27.900000000000002,6,6,7
139,201906,14.2,3,3,5
140,201807,8.5,2,2,2
140,201808,24.3,7,7,7
140,201809,24.2,5,5,6
140,201810,29.5,7,7,8
140,201811,24.5,7,7,8
140,201812,30.3,6,7,7
140,201901,8.7,3,3,3
140,201902,7.0,2,2,2
140,201903,43.8,9,9,11
140,201904,19.2,5,5,5
140,201905,5.9,2,2,2
140,201906,19.0,5,5,5
141,201807,272.8,43,43,61
141,201808,225.29999999999998,31,33,53
141,201809,232.8,32,35,53
141,201810,276.2,39,41,63
141,201811,244.3,32,35,54
141,201812,325.8,47,49,77
141,201901,340.3,47,49,74
141,201902,246.7,35,35,55
141,201903,241.7,36,37,57
141,201904,186.2,29,29,43
141,201905,194.9,30,30,43
141,201906,238.4,32,34,53
142,201807,457.0,50,52,103
142,201808,506.6,60,65,115
142,201809,406.0,44,48,96
142,201810,460.2,52,53,106
142,201811,479.6,55,56,112
142,201812,384.2,41,44,88
142,201901,511.6,54,57,114
142,201902,432.40000000000003,45,50,100
142,201903,473.6,51,54,108
142,201904,514.6,54,59,118
142,201905,350.4,42,42,80
142,201906,411.8,41,45,90
143,201807,344.3,38,41,77
143,201808,421.85,51,52,99
143,201809,326.7,39,40,76
143,201810,396.2,45,48,87
143,201811,360.9,41,43,85
143,201812,384.9,47,48,91
143,201901,396.6,46,48,92
143,201902,483.6,49,56,106
143,201903,366.5,44,45,84
143,201904,344.7,43,43,82
143,201905,312.15,36,37,72
143,201906,416.3,50,53,93
144,201807,716.0,84,104,210
144,201808,703.2,88,107,202
144,201809,609.8,74,88,178
144,201810,804.4,97,112,230
144,201811,732.0,86,105,212
144,201812,839.4,94,112,226
144,201901,703.0,81,107,216
144,201902,656.4,73,93,186
144,201903,715.4,91,109,220
144,201904,718.6,83,104,208
144,201905,748.55,92,111,214
144,201906,761.0,84,106,214
145,201807,388.0,47,49,88
145,201808,309.9,39,39,71
145,201809,365.2,43,47,84
145,201810,323.2,41,43,73
145,201811,317.2,37,39,69
145,201812,287.3,39,39,68
145,201901,275.0,32,35,62
145,201902,241.4,30,31,55
145,201903,368.0,46,46,81
145,201904,298.0,39,40,65
145,201905,288.6,38,39,66
145,201906,307.8,41,43,70
146,201807,12.0,3,3,4
146,201808,48.0,8,8,13
146,201809,20.0,4,4,6
146,201810,12.8,3,3,4
146,201811,13.399999999999999,3,3,4
146,201812,11.5,4,4,4
146,201901,40.5,5,5,9
146,201902,27.8,7,7,8
146,201903,40.9,9,9,12
146,201904,10.5,3,3,3
146,201905,29.6,4,4,8
146,201906,8.1,3,3,4
147,201807,755.6,92,108,218
147,201808,674.45,84,104,197
147,201809,785.8,91,113,232
147,201810,952.6,99,138,278
147,201811,788.6,91,118,236
147,201812,878.2,89,118,240
147,201901,860.0,95,119,240
147,201902,881.8,99,127,254
147,201903,881.8,99,123,248
147,201904,866.0,100,121,248
147,201905,783.65,98,122,221
147,201906,761.4,88,108,218
148,201807,692.3,94,110,160
148,201808,763.5,98,115,172
148,201809,678.9,93,104,154
148,201810,728.2,97,112,167
148,201811,647.9,91,103,150
148,201812,922.9,114,139,208
148,201901,643.9,93,103,149
148,201902,680.0,81,95,153
148,201903,873.1,103,126,193
148,201904,746.4,99,115,169
148,201905,660.6,89,99,151
148,201906,781.3,96,115,177
149,201807,418.0,45,46,92
149,201808,469.9,55,57,105
149,201809,412.7,46,48,95
149,201810,386.8,39,44,88
149,201811,376.6,39,43,86
149,201812,371.2,43,44,88
149,201901,430.0,48,49,98
149,201902,421.2,45,48,96
149,201903,458.6,50,53,106
149,201904,332.7,36,38,74
149,201905,438.1,46,50,96
149,201906,349.2,39,40,79
150,201807,428.0,48,49,98
150,201808,413.1,46,50,95
150,201809,463.2,46,50,100
150,201810,387.2,43,44,86
150,201811,510.8,53,58,116
150,201812,491.4,50,55,112
150,201901,417.4,47,51,101
150,201902,286.6,32,34,65
150,201903,431.2,41,48,96
150,201904,359.3,39,41,81
150,201905,361.40000000000003,40,42,80
150,201906,420.4,46,48,94
151,201807,155.0,34,34,44
151,201808,135.5,30,34,44
151,201809,144.2,36,38,45
151,201810,123.2,28,28,36
151,201811,135.7,30,32,38
151,201812,209.4,48,49,58
151,201901,157.1,35,36,43
151,201902,170.1,42,43,51
151,201903,142.7,37,37,42
151,201904,115.1,31,31,41
151,201905,162.2,34,36,47
151,201906,193.0,44,45,58
152,201807,1067.6,105,146,296
152,201808,971.1,115,145,285
152,201809,925.0,109,134,274
152,201810,920.0,103,131,264
152,201811,1142.4,117,159,324
152,201812,1000.8,111,146,294
152,201901,1047.4,108,145,296
152,201902,820.8,93,118,238
152,201903,1151.8,107,155,320
152,201904,1063.2,110,143,290
152,201905,909.7,109,140,262
152,201906,836.0,100,121,242
153,201807,1092.0,109,128,254
153,201808,1019.7,107,120,230
153,201809,1066.1,102,118,238
153,201810,1141.4,114,129,257
153,201811,1110.7,102,121,244
153,201812,1241.7,120,142,284
153,201901,1028.1,102,118,235
153,201902,968.0,94,111,219
153,201903,1113.7,101,123,251
153,201904,1125.6,111,127,251
153,201905,953.85,104,118,217
153,201906,1181.2,123,136,272
154,201807,929.8,92,110,214
154,201808,1193.35,124,142,270
154,201809,899.2,95,107,207
154,201810,1051.2,112,129,243
154,201811,979.2,97,115,220
154,201812,1178.7,124,138,268
154,201901,1140.4,112,129,251
154,201902,1021.8,107,121,238
154,201903,1093.7,120,136,255
154,201904,1146.4,117,138,263
154,201905,870.4,94,107,195
154,201906,1195.1,121,138,271
155,201807,924.6,101,123,250
155,201808,782.7,91,119,229
155,201809,1014.4,103,144,290
155,201810,963.8,108,136,272
155,201811,898.8,101,133,270
155,201812,849.8,97,120,242
155,201901,874.6,96,125,252
155,201902,891.2,95,125,254
155,201903,804.4,94,118,240
155,201904,844.6,99,120,242
155,201905,922.85,106,136,265
155,201906,857.2,95,121,244
156,201807,1024.6,110,144,290
156,201808,1017.8,122,149,273
156,201809,1036.4,117,152,304
156,201810,972.4,111,150,300
156,201811,911.0,104,127,256
156,201812,1111.2,124,166,334
156,201901,1199.0,120,167,340
156,201902,985.8,107,138,278
156,201903,1027.2,114,140,282
156,201904,933.4,109,140,280
156,201905,865.7,99,131,256
156,201906,959.8,106,132,268
157,201807,1045.4,124,153,306
157,201808,904.1,103,136,258
157,201809,887.6,104,130,262
157,201810,961.4,102,132,268
157,201811,954.0,105,133,268
157,201812,978.4,104,138,280
157,201901,806.8,100,122,244
157,201902,866.8,94,124,250
157,201903,1057.6,107,144,290
157,201904,972.8000000000001,112,140,288
157,201905,895.1,109,132,256
157,201906,901.0,104,132,264
158,201807,28.0,5,5,8
158,201808,29.8,8,8,11
158,201809,33.9,8,8,12
158,201810,30.3,8,8,10
158,201811,27.6,5,5,8
158,201812,24.8,4,5,9
158,201901,36.6,6,6,10
158,201902,21.8,4,4,6
158,201903,36.8,4,4,8
158,201904,11.2,2,2,4
158,201905,26.4,4,4,9
158,201906,43.7,8,8,13
159,201807,26.8,6,6,9
159,201808,14.7,2,2,3
159,201809,56.6,11,11,16
159,201810,21.0,4,4,7
159,201811,39.5,9,9,15
159,201812,11.0,3,3,4
159,201901,5.8,2,2,3
159,201902,28.6,5,5,6
159,201903,56.8,11,11,17
159,201904,30.700000000000003,5,5,9
159,201905,18.8,4,4,8
159,201906,28.6,6,6,9
160,201807,894.8,102,129,258
160,201808,756.2,94,114,216
160,201809,915.2,95,128,264
160,201810,887.4,96,120,242
160,201811,936.0,100,131,268
160,201812,1018.4,118,143,288
160,201901,903.6,110,128,260
160,201902,821.6,100,120,242
160,201903,1067.8,118,154,310
160,201904,1013.6,115,141,286
160,201905,772.25,96,122,222
160,201906,932.0,105,134,268
161,201807,35.5,5,5,8
161,201808,32.5,8,8,13
161,201809,62.2,9,9,16
161,201810,13.7,3,3,4
161,201811,41.4,9,9,13
161,201812,33.9,8,8,13
161,201901,20.8,5,5,6
161,201902,14.9,3,3,4
161,201903,8.3,2,2,3
161,201904,28.799999999999997,6,6,8
161,201905,22.6,6,6,7
161,201906,20.6,3,3,5
162,201807,889.8,101,127,254
162,201808,887.1,108,130,248
162,201809,822.0,93,116,236
162,201810,828.0,97,116,232
162,201811,778.4,88,112,226
162,201812,925.6,112,131,262
162,201901,734.0,87,108,216
162,201902,724.0,89,104,208
162,201903,827.4,93,115,234
162,201904,938.2,103,133,270
162,201905,700.4,84,101,201
162,201906,731.2,86,104,210
163,201807,188.6,31,33,55
163,201808,183.1,31,32,49
163,201809,269.5,44,45,73
163,201810,178.0,35,38,61
163,201811,261.8,42,47,76
163,201812,222.6,35,38,65
163,201901,208.9,40,41,60
163,201902,182.0,34,34,51
163,201903,268.8,47,50,80
163,201904,198.3,38,41,61
163,201905,233.8,46,46,66
163,201906,240.29999999999998,41,44,70
164,201807,853.2,97,128,262
164,201808,920.2,112,145,272
164,201809,841.4,97,118,236
164,201810,863.2,98,121,242
164,201811,829.6,87,118,236
164,201812,1031.6,113,147,296
164,201901,950.2,103,136,278
164,201902,753.8,91,104,210
164,201903,991.0,107,138,278
164,201904,1015.6,105,140,280
164,201905,874.1,112,136,251
164,201906,795.0,89,112,224
165,201807,1457.0,133,167,332
165,201808,1206.6,109,137,278
165,201809,1281.2,122,143,286
165,201810,1234.4,118,138,279
165,201811,1291.2,126,147,298
165,201812,1345.4,121,146,294
165,201901,1422.0,133,160,320
165,201902,1237.5,113,139,279
165,201903,1215.4,114,135,269
165,201904,1391.7,129,159,318
165,201905,1441.05,133,171,322
165,201906,1450.3,137,164,327
166,201807,1143.3,122,138,252
166,201808,876.6,95,110,198
166,201809,927.1,111,119,214
166,201810,1134.4,115,137,252
166,201811,1026.4,117,130,231
166,201812,973.5,113,125,226
166,201901,1048.3,110,130,231
166,201902,993.1,109,127,233
166,201903,923.5,97,118,213
166,201904,1027.5,107,126,232
166,201905,969.95,108,125,217
166,201906,986.2,103,128,231
167,201807,236.3,53,55,64
167,201808,206.6,37,39,57
167,201809,216.2,45,49,60
167,201810,161.6,34,35,44
167,201811,212.9,46,52,62
167,201812,164.9,40,41,46
167,201901,126.1,30,31,40
167,201902,160.6,35,37,50
167,201903,193.0,44,45,53
167,201904,185.1,42,42,55
167,201905,237.9,55,58,72
167,201906,196.4,41,41,55
168,201807,1075.8,112,147,298
168,201808,922.35,102,131,260
168,201809,880.2,101,124,250
168,201810,1061.0,113,150,302
168,201811,940.4,110,133,266
168,201812,1121.4,116,162,326
168,201901,903.0,100,126,254
168,201902,1083.2,116,149,304
168,201903,1060.4,123,147,296
168,201904,945.6,96,130,262
168,201905,971.05,112,146,288
168,201906,833.2,99,121,242
169,201807,217.9,41,43,68
169,201808,238.2,37,37,67
169,201809,276.0,43,48,79
169,201810,305.2,45,53,92
169,201811,355.6,54,58,102
169,201812,284.6,46,48,84
169,201901,322.8,53,56,89
169,201902,303.6,49,53,87
169,201903,283.1,48,48,83
169,201904,326.6,53,57,96
169,201905,268.1,51,52,74
169,201906,353.0,58,62,102
170,201807,523.8,52,58,115
170,201808,332.6,41,42,77
170,201809,401.5,43,45,88
170,201810,454.4,47,52,104
170,201811,377.4,41,43,86
170,201812,305.0,32,33,66
170,201901,373.0,42,44,87
170,201902,236.8,27,28,56
170,201903,262.0,29,29,58
170,201904,265.0,28,29,58
170,201905,327.4,37,38,70
170,201906,389.4,44,46,92
171,201807,302.2,33,33,68
171,201808,394.2,45,47,91
171,201809,405.7,48,48,95
171,201810,423.2,44,50,100
171,201811,409.2,48,50,100
171,201812,448.4,49,52,104
171,201901,351.6,38,41,82
171,201902,398.7,44,46,91
171,201903,456.2,48,51,102
171,201904,363.6,40,42,84
171,201905,404.7,49,50,92
171,201906,368.2,40,43,84
172,201807,820.8,89,117,234
172,201808,758.0,90,120,227
172,201809,816.4,86,112,224
172,201810,1040.8,114,154,310
172,201811,851.4,98,125,254
172,201812,928.8,104,129,260
172,201901,897.2,93,123,252
172,201902,918.4,94,126,254
172,201903,727.2,92,109,220
172,201904,903.0,99,130,262
172,201905,811.6,99,121,236
172,201906,1072.0,113,148,296
173,201807,451.0,49,52,104
173,201808,565.75,66,72,127
173,201809,349.0,40,41,82
173,201810,524.2,53,57,114
173,201811,443.8,48,51,102
173,201812,505.2,56,59,118
173,201901,458.6,48,52,104
173,201902,332.4,36,40,82
173,201903,557.8,54,62,126
173,201904,553.6,58,64,128
173,201905,457.0,47,52,104
173,201906,504.40000000000003,54,57,114
174,201807,337.6,39,40,77
174,201808,483.0,50,53,104
174,201809,258.4,27,29,58
174,201810,347.6,35,38,78
174,201811,379.2,43,44,87
174,201812,337.4,35,38,72
174,201901,391.1,39,41,81
174,201902,501.3,50,55,109
174,201903,468.8,48,50,102
174,201904,376.0,42,43,86
174,201905,282.8,37,37,68
174,201906,414.6,42,47,94
175,201807,964.6,100,115,221
175,201808,994.6,107,131,231
175,201809,901.9,95,108,200
175,201810,880.9,92,103,195
175,201811,746.6,77,93,176
175,201812,1171.7,115,137,265
175,201901,1109.9,113,131,251
175,201902,904.6,92,106,200
175,201903,898.4,102,108,204
175,201904,1041.3,105,123,231
175,201905,1036.0,106,122,228
175,201906,1117.8,110,133,250
176,201807,287.2,51,53,75
176,201808,147.1,33,33,46
176,201809,195.4,44,44,59
176,201810,246.0,53,53,69
176,201811,177.1,37,40,53
176,201812,231.6,38,39,60
176,201901,187.20000000000002,35,38,57
176,201902,248.7,42,44,67
176,201903,246.4,48,48,72
176,201904,227.4,49,52,69
176,201905,289.5,47,50,81
176,201906,269.3,51,54,78
177,201807,9.6,3,3,3
177,201808,23.7,7,7,7
177,201809,21.6,5,5,6
177,201810,2.7,1,1,1
177,201811,39.3,10,10,12
177,201812,5.3,2,2,2
177,201901,31.7,9,9,9
177,201902,13.7,3,3,3
177,201903,18.0,4,4,4
177,201904,1.5,1,1,1
177,201905,13.899999999999999,3,3,3
177,201906,30.2,8,8,8
178,201807,952.0,107,131,264
178,201808,915.5,108,133,253
178,201809,954.4,101,128,266
178,201810,962.6,102,141,290
178,201811,975.6,111,138,278
178,201812,947.2,101,134,270
178,201901,837.2,95,118,244
178,201902,1088.8,107,145,294
178,201903,998.8,114,143,286
178,201904,1059.8,117,148,300
178,201905,888.0,102,131,250
178,201906,722.6,92,108,216
179,201807,934.0,99,131,267
179,201808,961.9,106,143,275
179,201809,875.0,97,121,246
179,201810,999.2,105,141,282
179,201811,1071.2,109,150,300
179,201812,786.2,85,108,220
179,201901,1085.0,110,146,298
179,201902,1046.2,112,148,296
179,201903,1112.4,129,166,332
179,201904,1054.2,107,149,300
179,201905,1022.2,112,156,303
179,201906,917.2,100,128,258
180,201807,816.6,93,121,244
180,201808,788.5,108,131,243
180,201809,911.4,101,131,262
180,201810,871.4,95,121,244
180,201811,793.4,98,113,228
180,201812,995.0,105,141,282
180,201901,1089.4,108,152,308
180,201902,839.6,97,119,238
180,201903,941.0,99,131,264
180,201904,964.4,106,136,272
180,201905,896.6,103,133,253
180,201906,965.2,105,139,280
181,201807,1379.9,130,157,311
181,201808,1040.75,112,129,238
181,201809,1114.4,115,130,257
181,201810,1289.9,124,145,293
181,201811,1203.2,112,139,274
181,201812,1200.0,118,138,272
181,201901,1153.9,104,129,256
181,201902,1089.4,108,121,246
181,201903,1291.8,116,146,289
181,201904,1072.3,106,120,238
181,201905,1063.8,107,124,242
181,201906,1209.1,112,136,271
182,201807,388.4,44,44,88
182,201808,461.9,51,55,101
182,201809,423.4,44,48,96
182,201810,373.8,41,42,84
182,201811,464.0,48,51,102
182,201812,327.2,35,38,76
182,201901,394.4,45,46,91
182,201902,269.7,31,32,62
182,201903,306.7,34,36,71
182,201904,397.8,43,44,88
182,201905,389.8,43,46,86
182,201906,292.8,33,34,68
183,201807,870.2,96,123,246
183,201808,707.4,88,111,205
183,201809,810.0,86,109,218
183,201810,813.8,94,118,238
183,201811,804.2,94,114,228
183,201812,902.4,105,135,272
183,201901,900.6,101,128,260
183,201902,744.8,89,104,208
183,201903,809.6,99,120,242
183,201904,871.2,102,125,252
183,201905,819.8,102,121,235
183,201906,923.6,91,125,254
184,201807,983.8,105,141,286
184,201808,874.4,100,127,248
184,201809,873.0,96,125,252
184,201810,895.2,106,128,258
184,201811,869.2,93,118,240
184,201812,900.0,95,130,260
184,201901,913.4,93,128,256
184,201902,827.0,85,116,238
184,201903,964.8000000000001,107,135,274
184,201904,959.2,104,138,276
184,201905,959.95,113,144,269
184,201906,917.6,89,126,260
185,201807,225.6,41,44,62
185,201808,276.3,54,55,74
185,201809,196.9,39,42,57
185,201810,216.1,40,41,63
185,201811,202.3,42,42,59
185,201812,206.2,40,42,58
185,201901,261.1,50,52,78
185,201902,217.8,40,43,60
185,201903,245.3,48,51,69
185,201904,283.6,56,59,85
185,201905,314.6,57,60,89
185,201906,222.8,45,46,67
186,201807,141.3,31,33,43
186,201808,144.7,30,32,43
186,201809,174.5,33,35,49
186,201810,164.6,33,35,47
186,201811,169.0,41,41,47
186,201812,157.4,36,37,47
186,201901,181.6,42,43,53
186,201902,118.60000000000001,31,31,37
186,201903,132.2,31,31,37
186,201904,147.9,32,32,43
186,201905,195.3,38,39,52
186,201906,179.6,37,40,48
187,201807,253.9,39,42,59
187,201808,214.3,36,37,54
187,201809,276.1,37,41,60
187,201810,181.4,25,27,41
187,201811,327.9,48,54,78
187,201812,264.4,37,38,60
187,201901,184.20000000000002,30,31,42
187,201902,246.5,38,40,55
187,201903,247.20000000000002,39,40,56
187,201904,240.2,36,38,54
187,201905,218.29999999999998,35,37,51
187,201906,255.3,36,38,57
188,201807,234.4,35,37,66
188,201808,210.3,37,37,59
188,201809,280.8,44,50,82
188,201810,246.3,39,40,67
188,201811,236.8,46,47,78
188,201812,266.8,44,47,79
188,201901,208.1,35,35,60
188,201902,266.1,40,42,77
188,201903,318.3,52,54,90
188,201904,320.6,49,52,89
188,201905,284.5,44,49,88
188,201906,213.0,39,39,64
189,201807,137.5,35,39,39
189,201808,151.8,28,30,43
189,201809,99.3,28,29,29
189,201810,142.3,35,37,39
189,201811,110.8,33,34,34
189,201812,95.39999999999999,25,25,25
189,201901,113.0,29,31,32
189,201902,83.5,24,25,25
189,201903,122.8,33,33,33
189,201904,100.5,25,27,28
189,201905,131.6,35,36,47
189,201906,98.4,28,29,29
190,201807,829.4,98,118,238
190,201808,817.8,103,122,230
190,201809,911.8,105,129,260
190,201810,773.8,93,111,224
190,201811,790.0,83,109,222
190,201812,721.0,82,100,200
190,201901,830.8,94,122,246
190,201902,836.0,98,119,240
190,201903,946.0,113,136,278
190,201904,787.6,93,112,226
190,201905,990.6,105,139,271
190,201906,649.4,79,94,190
191,201807,826.2,100,118,236
191,201808,861.4,100,127,248
191,201809,803.2,91,112,226
191,201810,816.6,81,110,224
191,201811,896.2,107,131,266
191,201812,897.4,98,126,256
191,201901,851.6,98,120,240
191,201902,848.8,96,113,230
191,201903,965.4,99,135,272
191,201904,1008.8,94,138,284
191,201905,740.9,84,112,213
191,201906,888.2,92,116,234
192,201807,34.3,8,8,10
192,201808,39.0,7,7,11
192,201809,30.400000000000002,5,5,7
192,201810,17.0,4,4,7
192,201811,50.4,10,10,14
192,201812,58.2,11,12,16
192,201901,22.7,7,7,8
192,201902,8.4,2,2,3
192,201903,23.3,6,6,8
192,201904,29.7,5,5,8
192,201905,22.900000000000002,4,4,6
192,201906,25.0,3,3,6
193,201901,1.8,1,1,1
193,201902,7.6,1,1,2
193,201906,3.7,1,1,1
194,201807,1111.1,109,133,260
194,201808,941.65,105,115,209
194,201809,1074.8,106,122,242
194,201810,1208.3,118,134,273
194,201811,1057.6,108,125,246
194,201812,1259.0,119,141,281
194,201901,1059.8,104,119,237
194,201902,957.9,98,111,221
194,201903,1267.1,117,140,279
194,201904,807.0,80,95,186
194,201905,1029.7,105,125,234
194,201906,1262.0,120,142,281
195,201807,227.5,44,45,67
195,201808,332.25,62,67,101
195,201809,152.9,31,32,41
195,201810,262.3,48,50,72
195,201811,222.2,40,42,64
195,201812,258.0,48,50,72
195,201901,153.3,33,34,48
195,201902,185.5,34,35,55
195,201903,186.7,38,39,55
195,201904,181.7,39,40,52
195,201905,261.3,54,56,82
195,201906,184.6,36,40,57
196,201807,876.2,93,128,260
196,201808,848.7,96,122,237
196,201809,858.4,101,120,242
196,201810,846.0,103,126,252
196,201811,770.2,92,109,222
196,201812,1007.4,113,140,288
196,201901,919.4,98,125,256
196,201902,732.0,81,105,212
196,201903,980.8,102,130,266
196,201904,906.6,95,127,254
196,201905,901.3,99,132,259
196,201906,761.2,83,108,220
197,201807,363.2,48,52,99
197,201808,294.4,47,48,87
197,201809,307.6,42,48,89
197,201810,351.2,52,54,99
197,201811,290.8,47,49,92
197,201812,394.2,56,58,108
197,201901,325.9,48,48,89
197,201902,309.1,41,47,85
197,201903,344.7,48,50,95
197,201904,262.2,39,42,77
197,201905,281.0,48,51,87
197,201906,358.4,48,51,93
198,201807,20.3,4,4,6
198,201808,10.7,2,2,3
198,201809,20.7,5,5,7
198,201810,26.2,3,3,6
198,201811,34.3,6,6,8
198,201812,24.0,3,3,5
198,201901,19.200000000000003,3,3,5
198,201902,11.8,2,2,4
198,201903,19.9,4,4,6
198,201904,23.3,6,6,7
198,201905,28.5,6,6,7
198,201906,13.8,3,3,4
199,201807,1299.6,122,145,293
199,201808,1194.8,121,143,268
199,201809,1143.8,106,127,261
199,201810,1323.8,120,143,290
199,201811,1131.4,116,130,260
199,201812,1326.2,119,149,301
199,201901,1234.8,119,140,282
199,201902,1233.0,122,137,280
199,201903,1336.4,124,151,304
199,201904,1182.6,110,131,264
199,201905,1190.4,114,140,271
199,201906,1200.2,110,135,269
200,201807,497.2,56,58,116
200,201808,681.3,71,82,151
200,201809,630.8,65,70,144
200,201810,471.5,50,53,105
200,201811,413.4,43,47,94
200,201812,325.8,35,38,76
200,201901,498.0,53,57,113
200,201902,355.0,40,42,84
200,201903,360.4,39,41,81
200,201904,358.4,39,41,82
200,201905,408.4,45,48,92
200,201906,544.4,59,62,124
201,201807,1107.2,119,127,253
201,201808,1118.9,112,132,255
201,201809,1160.2,107,132,264
201,201810,1244.6,122,143,284
201,201811,1248.9,127,141,280
201,201812,1182.1,117,135,268
201,201901,1133.5,107,129,257
201,201902,1139.2,111,128,255
201,201903,1364.2,130,152,301
201,201904,1246.6,122,146,290
201,201905,1094.8,115,135,259
201,201906,1258.5,126,149,296
202,201807,628.2,65,71,142
202,201808,478.3,46,50,111
202,201809,516.4,53,59,118
202,201810,507.2,55,60,120
202,201811,471.6,51,54,108
202,201812,461.2,49,52,104
202,201901,465.2,49,52,104
202,201902,454.8,50,53,106
202,201903,441.4,49,51,102
202,201904,499.2,54,58,116
202,201905,468.35,48,54,107
202,201906,599.2,63,68,136
203,201807,1266.8,115,142,286
203,201808,1216.8,119,146,280
203,201809,1266.8,121,142,286
203,201810,1302.7,118,146,295
203,201811,1357.0,123,150,302
203,201812,1336.6,132,148,298
203,201901,1197.0,114,134,272
203,201902,1123.0,114,127,254
203,201903,1164.8,114,130,262
203,201904,982.8000000000001,97,113,226
203,201905,1115.1,114,135,252
203,201906,1222.2,112,137,274
204,201807,40.400000000000006,6,6,11
204,201808,39.9,7,7,12
204,201809,57.4,8,8,14
204,201810,35.4,5,5,9
204,201811,45.7,6,6,11
204,201812,33.6,5,5,9
204,201901,29.0,4,4,8
204,201902,11.4,2,2,4
204,201903,46.4,8,8,13
204,201904,23.200000000000003,3,3,6
204,201905,58.6,9,9,17
204,201906,35.0,5,5,10
205,201807,320.6,49,51,85
205,201808,283.6,46,48,81
205,201809,215.5,32,35,57
205,201810,274.7,42,44,75
205,201811,224.2,36,37,59
205,201812,219.5,36,36,60
205,201901,256.1,44,46,76
205,201902,171.8,31,31,50
205,201903,331.1,52,55,95
205,201904,195.1,31,33,55
205,201905,246.70000000000002,47,50,75
205,201906,227.9,42,42,66
206,201807,3.0,1,1,1
206,201904,4.6,1,1,1
207,201807,934.2,104,134,272
207,201808,812.1,96,126,237
207,201809,773.2,91,112,224
207,201810,920.6,100,127,256
207,201811,989.4,114,139,278
207,201812,812.4,95,119,240
207,201901,841.2,102,123,248
207,201902,770.4,92,108,218
207,201903,891.6,103,129,260
207,201904,869.0,100,127,254
207,201905,801.9,95,124,236
207,201906,901.2,103,127,254
208,201807,680.6,83,100,200
208,201808,649.65,82,102,194
208,201809,755.8,85,106,214
208,201810,809.4,90,110,222
208,201811,763.6,88,105,210
208,201812,827.8,93,120,244
208,201901,737.8,90,110,220
208,201902,641.6,74,88,176
208,201903,823.2,89,115,230
208,201904,695.6,88,105,210
208,201905,1064.1,104,151,292
208,201906,845.6,95,121,242
209,201807,723.6,88,108,218
209,201808,769.5,85,109,213
209,201809,787.8,89,108,218
209,201810,785.6,91,115,230
209,201811,762.8,89,107,216
209,201812,1005.4,109,142,286
209,201901,906.2,100,123,252
209,201902,863.4,101,122,250
209,201903,814.8,90,110,222
209,201904,665.8,76,100,202
209,201905,761.6,96,117,220
209,201906,820.2,98,119,238
210,201807,1210.4,114,139,275
210,201808,994.4,103,121,224
210,201809,1097.4,103,122,244
210,201810,1093.0,104,123,245
210,201811,1215.3,121,139,277
210,201812,1199.3,115,136,271
210,201901,1221.8,115,137,276
210,201902,927.5,92,104,207
210,201903,1263.7,119,140,282
210,201904,1239.1,123,142,282
210,201905,1048.35,104,129,237
210,201906,1179.0,113,133,261
211,201807,2.6,1,1,1
211,201904,2.6,1,1,1
212,201807,698.2,84,105,210
212,201808,659.6,79,93,191
212,201809,768.4,83,108,218
212,201810,767.4,84,108,220
212,201811,734.6,83,103,206
212,201812,785.6,95,114,228
212,201901,636.2,78,89,182
212,201902,584.4,74,85,170
212,201903,875.8,99,119,242
212,201904,779.0,96,117,234
212,201905,784.3,91,113,220
212,201906,800.4,87,113,228
213,201807,1098.4,113,149,300
213,201808,873.2,101,127,246
213,201809,1079.2,123,154,310
213,201810,902.0,100,127,256
213,201811,1181.2,127,165,336
213,201812,1061.2,117,150,302
213,201901,994.0,106,138,276
213,201902,1045.4,116,142,286
213,201903,1113.2,117,149,306
213,201904,1134.4,118,157,318
213,201905,885.6,101,129,250
213,201906,996.8,104,139,284
214,201807,182.4,38,40,57
214,201808,249.4,43,47,75
214,201809,218.6,46,47,65
214,201810,179.1,30,33,51
214,201811,184.8,36,37,55
214,201812,267.3,43,47,73
214,201901,232.5,46,51,69
214,201902,209.5,44,47,67
214,201903,286.5,52,55,79
214,201904,255.20000000000002,50,51,73
214,201905,203.0,39,43,60
214,201906,252.1,48,49,71
215,201807,375.2,40,43,87
215,201808,392.8,44,47,88
215,201809,270.2,34,34,61
215,201810,419.9,49,51,98
215,201811,426.0,46,50,98
215,201812,421.9,49,50,96
215,201901,402.0,49,50,97
215,201902,325.6,39,41,76
215,201903,365.3,39,44,86
215,201904,358.0,39,41,80
215,201905,310.2,36,40,71
215,201906,287.4,33,33,64
216,201807,1130.4,119,140,257
216,201808,1042.6,109,127,229
216,201809,1106.2,109,126,245
216,201810,1100.5,104,124,243
216,201811,1006.4,107,118,224
216,201812,1151.0,119,142,261
216,201901,1069.1,120,132,246
216,201902,1092.8,108,126,244
216,201903,1105.1,106,131,252
216,201904,1012.5,105,121,232
216,201905,905.2,105,118,210
216,201906,1271.3,122,147,283
217,201807,1329.8,117,148,296
217,201808,1073.1,99,123,245
217,201809,1318.6,120,149,300
217,201810,1073.6,104,123,246
217,201811,1240.8,106,140,282
217,201812,1104.4,107,122,246
217,201901,1171.0,113,128,258
217,201902,923.2,90,104,212
217,201903,1119.8,110,127,256
217,201904,1140.6,103,126,252
217,201905,1282.5,130,153,297
217,201906,1216.2,114,137,274
218,201807,36.8,6,6,12
218,201808,83.9,11,11,20
218,201809,23.0,5,5,8
218,201810,54.6,9,9,16
218,201811,47.6,8,8,13
218,201901,38.2,7,7,14
218,201902,8.8,1,1,2
218,201903,38.0,5,5,9
218,201904,40.3,7,7,13
218,201905,25.0,4,4,7
218,201906,22.8,4,4,8
219,201807,897.8,100,131,262
219,201808,790.1,95,121,230
219,201809,931.0,104,130,264
219,201810,840.4,96,118,236
219,201811,583.6,66,85,170
219,201812,862.6,98,126,256
219,201901,848.6,99,123,246
219,201902,818.8,96,122,244
219,201903,765.6,88,108,218
219,201904,798.8,99,119,238
219,201905,858.9,102,131,249
219,201906,775.4,86,108,222
220,201807,244.1,47,48,72
220,201808,275.0,42,45,70
220,201809,219.3,42,44,65
220,201810,293.4,59,61,88
220,201811,290.7,49,53,76
220,201812,227.4,47,47,64
220,201901,238.7,48,50,69
220,201902,202.9,42,42,63
220,201903,269.3,51,55,79
220,201904,220.1,45,46,65
220,201905,259.6,52,53,79
220,201906,267.7,46,51,76
221,201807,956.3000000000001,106,129,218
221,201808,921.5,110,123,209
221,201809,727.6,84,96,163
221,201810,942.5,106,129,213
221,201811,935.3,101,124,210
221,201812,934.7,104,119,208
221,201901,922.6,104,117,200
221,201902,736.9,89,98,166
221,201903,851.7,101,113,192
221,201904,805.9,96,110,186
221,201905,764.0,91,106,170
221,201906,831.7,98,115,184
222,201807,944.6,107,130,262
222,201808,758.0,86,105,206
222,201809,914.8,94,126,254
222,201810,920.6,97,126,254
222,201811,840.4,94,122,246
222,201812,832.2,91,120,244
222,201901,763.4,89,109,220
222,201902,739.6,90,107,214
222,201903,845.6,94,122,244
222,201904,785.6,91,114,230
222,201905,764.4,98,115,219
222,201906,679.4,78,90,188
223,201807,930.4,97,127,260
223,201808,898.4,122,143,271
223,201809,994.8,119,145,290
223,201810,973.2,116,142,284
223,201811,941.2,105,127,254
223,201812,1004.8,113,143,286
223,201901,923.4,104,133,266
223,201902,967.6,114,142,288
223,201903,865.2,103,128,256
223,201904,944.8,112,138,276
223,201905,857.35,99,124,238
223,201906,947.0,111,136,272
224,201807,19.2,3,3,5
224,201808,44.5,7,7,12
224,201809,11.8,2,2,4
224,201810,35.9,7,7,11
224,201811,33.6,5,5,10
224,201812,20.5,5,5,8
224,201901,25.3,5,5,9
224,201902,8.9,2,2,3
224,201903,39.7,9,9,12
224,201904,40.3,6,6,11
224,201905,62.8,9,9,16
224,201906,50.4,7,7,14
225,201807,865.0,100,125,250
225,201808,833.4,93,119,237
225,201809,958.4,112,140,282
225,201810,921.8,104,134,270
225,201811,832.4,97,115,232
225,201812,834.6,94,119,240
225,201901,845.0,94,118,240
225,201902,782.8,90,111,226
225,201903,829.0,103,124,252
225,201904,1026.2,114,150,306
225,201905,899.6,104,128,249
225,201906,938.4,101,134,268
226,201807,1470.0,135,167,334
226,201808,1210.05,127,148,284
226,201809,1430.8,132,160,320
226,201810,1519.0,139,173,348
226,201811,1602.6,141,184,370
226,201812,1659.6,150,188,377
226,201901,1347.1,128,154,313
226,201902,1253.0,111,143,286
226,201903,1561.6,133,168,338
226,201904,1494.6,140,171,346
226,201905,1530.9,140,180,341
226,201906,1526.2,144,172,344
227,201807,885.8,102,130,262
227,201808,862.3,94,128,243
227,201809,779.0,97,113,230
227,201810,1035.8,111,147,296
227,201811,894.8,99,127,258
227,201812,892.8,102,121,248
227,201901,986.0,109,138,278
227,201902,804.4,90,116,236
227,201903,999.4,115,141,286
227,201904,826.6,98,116,236
227,201905,837.6,96,127,247
227,201906,818.0,92,117,242
228,201807,326.8,37,39,76
228,201808,291.7,33,34,63
228,201809,351.9,43,44,85
228,201810,374.5,42,45,86
228,201811,439.7,48,52,99
228,201812,404.2,41,44,87
228,201901,257.0,30,30,58
228,201902,318.8,33,35,70
228,201903,415.0,48,48,95
228,201904,407.1,45,47,92
228,201905,297.8,39,39,71
228,201906,351.8,38,40,78
229,201807,876.0,100,123,248
229,201808,757.8,95,117,224
229,201809,916.8,101,127,260
229,201810,837.6,97,126,252
229,201811,824.2,93,120,240
229,201812,914.0,96,126,256
229,201901,822.4,92,119,238
229,201902,827.6,100,117,236
229,201903,1031.8,112,148,296
229,201904,914.6,101,128,260
229,201905,815.3,93,121,235
229,201906,879.8,95,120,242
230,201807,976.8,113,144,288
230,201808,1010.7,115,153,283
230,201809,929.5,102,135,271
230,201810,984.4,109,141,284
230,201811,942.2,100,129,258
230,201812,1018.2,116,143,288
230,201901,1076.6,103,143,288
230,201902,1156.6,121,161,324
230,201903,976.8,114,140,282
230,201904,1073.0,114,153,310
230,201905,1090.0,112,144,298
230,201906,1052.2,115,151,302
231,201807,1102.5,111,122,242
231,201808,959.7,96,114,216
231,201809,1130.4,108,128,256
231,201810,1160.2,119,133,265
231,201811,1052.2,100,120,242
231,201812,1184.2,119,133,268
231,201901,1104.8,114,125,250
231,201902,1123.2,105,124,252
231,201903,1210.2,117,139,278
231,201904,983.8,98,111,221
231,201905,1001.2,103,119,228
231,201906,983.6,101,112,222
232,201807,1026.7,106,144,293
232,201808,727.9,91,113,216
232,201809,939.8,98,130,262
232,201810,923.8000000000001,103,131,262
232,201811,934.2,106,131,268
232,201812,1044.6,116,148,300
232,201901,811.2,96,112,226
232,201902,899.9,106,129,261
232,201903,818.4,90,117,238
232,201904,762.6,84,109,218
232,201905,928.0,106,139,264
232,201906,668.2,83,99,200
233,201807,290.7,51,54,88
233,201808,285.9,48,50,80
233,201809,228.6,42,45,70
233,201810,185.7,35,36,56
233,201811,211.6,40,41,62
233,201812,279.8,47,50,75
233,201901,177.5,35,35,47
233,201902,244.0,45,47,70
233,201903,199.1,40,41,59
233,201904,158.6,30,32,46
233,201905,344.4,57,62,92
233,201906,221.0,41,41,61
234,201807,459.7,50,55,105
234,201808,318.1,36,37,70
234,201809,425.6,50,51,99
234,201810,282.1,34,34,66
234,201811,381.9,40,43,84
234,201812,520.7,58,62,119
234,201901,316.7,36,36,71
234,201902,342.1,38,40,78
234,201903,466.2,49,53,104
234,201904,458.0,50,54,106
234,201905,431.0,51,54,98
234,201906,310.2,36,37,71
235,201807,533.4,56,58,116
235,201808,422.25,46,52,98
235,201809,430.8,44,48,96
235,201810,507.2,55,57,114
235,201811,406.2,44,46,92
235,201812,554.6,59,63,126
235,201901,547.0,58,62,124
235,201902,439.6,46,48,96
235,201903,574.2,58,65,130
235,201904,397.0,42,43,88
235,201905,477.5,54,57,106
235,201906,438.4,51,51,102
236,201807,952.0,101,133,270
236,201808,970.8,108,142,280
236,201809,864.6,98,123,248
236,201810,879.6,97,121,242
236,201811,705.2,79,105,210
236,201812,987.0,104,140,282
236,201901,838.2,97,116,234
236,201902,914.8,104,136,274
236,201903,896.8,104,124,248
236,201904,848.0,95,118,238
236,201905,979.0,107,143,273
236,201906,785.0,91,116,232
237,201807,1448.4,128,162,324
237,201808,1367.8,135,165,313
237,201809,1322.2,126,149,299
237,201810,1348.3,123,147,299
237,201811,1397.6,132,161,320
237,201812,1265.0,124,144,289
237,201901,1219.7,117,139,277
237,201902,1404.8,126,157,314
237,201903,1208.2,119,134,274
237,201904,1204.6,120,135,272
237,201905,1199.3,129,149,272
237,201906,1153.6,119,131,262
238,201807,1086.3,110,127,251
238,201808,1241.7,124,148,283
238,201809,1243.2,121,141,284
238,201810,1054.6,99,117,233
238,201811,1222.7,119,141,278
238,201812,1107.6,109,127,256
238,201901,1276.1,121,140,284
238,201902,1018.4,103,118,236
238,201903,949.9,91,108,215
238,201904,1182.0,113,136,268
238,201905,1255.7,116,144,282
238,201906,1070.2,101,123,242
239,201807,367.9,42,44,83
239,201808,332.6,37,41,73
239,201809,348.5,37,40,77
239,201810,305.1,38,39,71
239,201811,286.1,32,35,64
239,201812,359.1,42,43,81
239,201901,405.9,47,50,95
239,201902,384.5,41,44,87
239,201903,341.1,40,40,78
239,201904,267.8,31,31,57
239,201905,341.25,40,42,78
239,201906,347.0,40,41,75
240,201807,401.7,43,48,95
240,201808,345.2,39,41,76
240,201809,465.7,50,52,102
240,201810,435.3,46,49,96
240,201811,431.9,48,50,99
240,201812,326.1,35,36,70
240,201901,384.2,42,46,88
240,201902,258.6,29,29,58
240,201903,444.2,53,55,103
240,201904,362.1,39,41,80
240,201905,445.2,47,51,98
240,201906,355.3,39,43,83
241,201807,838.8,92,121,242
241,201808,727.0,92,111,223
241,201809,830.4,92,118,236
241,201810,932.8,106,131,262
241,201811,641.2,78,89,180
241,201812,841.4,94,119,242
241,201901,843.6,89,117,236
241,201902,612.4,78,89,178
241,201903,828.6,99,122,244
241,201904,770.6,87,109,218
241,201905,702.0,94,114,207
241,201906,830.8,86,117,236
242,201807,450.0,50,51,102
242,201808,446.6,48,55,103
242,201809,473.2,50,54,108
242,201810,517.0,53,59,118
242,201811,511.6,56,59,118
242,201812,498.2,54,56,114
242,201901,526.6,56,60,120
242,201902,465.5,47,53,105
242,201903,554.9,60,62,123
242,201904,433.8,46,47,94
242,201905,442.8,46,48,99
242,201906,496.6,51,57,114
243,201807,344.4,48,51,101
243,201808,410.3,55,59,112
243,201809,391.5,48,54,106
243,201810,351.2,47,51,102
243,201811,412.0,57,60,120
243,201812,404.9,61,62,119
243,201901,421.6,62,65,128
243,201902,405.2,52,53,106
243,201903,421.4,53,57,113
243,201904,391.1,55,56,111
243,201905,394.9,60,62,106
243,201906,329.1,43,43,84
244,201807,15.3,3,3,4
244,201808,32.800000000000004,6,6,10
244,201809,32.4,6,6,10
244,201810,42.5,7,7,11
244,201811,14.3,4,4,6
244,201812,3.0,1,1,1
244,201901,39.300000000000004,4,4,9
244,201902,9.0,2,2,4
244,201903,22.8,5,5,8
244,201904,29.8,5,5,9
244,201905,21.25,4,4,6
244,201906,69.3,11,11,19
245,201807,375.2,41,43,83
245,201808,341.0,41,43,77
245,201809,340.6,40,42,79
245,201810,301.5,30,35,66
245,201811,495.1,54,59,115
245,201812,299.3,31,34,65
245,201901,345.5,41,43,80
245,201902,341.3,38,40,77
245,201903,444.3,52,54,105
245,201904,301.9,34,35,67
245,201905,322.7,35,36,70
245,201906,397.2,46,47,89
246,201807,403.4,40,44,88
246,201808,453.6,46,54,98
246,201809,498.0,48,54,108
246,201810,564.0,57,61,124
246,201811,512.4,54,56,114
246,201812,659.0,70,74,150
246,201901,459.0,49,52,106
246,201902,509.0,57,59,118
246,201903,490.0,51,55,110
246,201904,527.8,52,59,118
246,201905,425.4,45,51,97
246,201906,452.6,48,51,102
247,201807,852.4,97,126,254
247,201808,781.0,96,121,225
247,201809,852.4,95,121,244
247,201810,1002.2,106,146,294
247,201811,786.2,92,117,234
247,201812,797.6,97,121,244
247,201901,906.2,106,132,264
247,201902,930.2,100,129,258
247,201903,888.4,106,125,254
247,201904,1032.0,111,149,300
247,201905,932.5,104,141,271
247,201906,890.4,108,132,266
248,201807,386.6,56,59,110
248,201808,373.4,60,64,106
248,201809,468.1,59,63,118
248,201810,298.9,43,45,85
248,201811,363.5,52,54,102
248,201812,452.2,62,66,126
248,201901,360.3,49,54,101
248,201902,255.9,44,44,82
248,201903,266.7,46,46,87
248,201904,345.4,48,49,96
248,201905,236.6,43,44,75
248,201906,378.5,53,55,105
249,201807,250.4,43,46,73
249,201808,298.5,54,55,87
249,201809,288.4,46,46,81
249,201810,332.8,53,57,95
249,201811,229.7,37,41,68
249,201812,292.9,46,48,84
249,201901,285.4,45,48,82
249,201902,302.1,49,51,83
249,201903,284.6,49,52,82
249,201904,259.8,44,45,75
249,201905,278.4,48,52,83
249,201906,285.2,50,52,85
250,201807,1161.5,120,136,269
250,201808,1322.9,135,158,293
250,201809,939.5,94,108,211
250,201810,1127.2,109,126,248
250,201811,1045.9,100,123,242
250,201812,1173.5,112,132,264
250,201901,981.6,102,114,224
250,201902,1037.5,105,117,234
250,201903,1092.5,101,125,247
250,201904,1059.8,102,119,235
250,201905,865.4,96,106,198
250,201906,1116.9,109,128,250
251,201807,439.4,48,50,100
251,201808,348.55,37,39,78
251,201809,292.6,30,32,64
251,201810,423.4,47,48,94
251,201811,542.8,56,61,124
251,201812,454.0,52,53,105
251,201901,368.0,39,43,85
251,201902,320.0,34,36,72
251,201903,392.2,45,47,93
251,201904,456.7,49,51,103
251,201905,287.6,34,35,65
251,201906,341.2,39,40,80
252,201808,3.7,1,1,1
252,201903,3.7,1,1,1
253,201807,391.0,41,44,88
253,201808,390.3,42,45,87
253,201809,451.4,47,50,100
253,201810,403.0,40,43,86
253,201811,502.8,55,55,110
253,201812,422.6,47,50,100
253,201901,356.0,38,42,84
253,201902,310.4,31,33,66
253,201903,454.8,49,52,103
253,201904,430.0,42,48,96
253,201905,336.4,39,42,77
253,201906,470.0,50,54,108
254,201807,156.4,45,47,49
254,201808,199.9,44,46,55
254,201809,131.4,34,35,37
254,201810,108.7,29,35,35
254,201811,132.0,31,34,36
254,201812,137.3,41,43,45
254,201901,125.9,32,34,35
254,201902,95.3,27,28,28
254,201903,162.7,34,35,42
254,201904,77.4,22,23,23
254,201905,150.6,43,44,48
254,201906,143.7,36,37,39
255,201807,254.1,47,49,69
255,201808,171.9,33,35,55
255,201809,227.7,44,44,72
255,201810,235.6,43,45,70
255,201811,253.2,48,51,74
255,201812,262.4,44,45,70
255,201901,231.70000000000002,46,49,70
255,201902,215.70000000000002,42,45,65
255,201903,206.6,41,42,60
255,201904,239.4,45,48,73
255,201905,220.7,41,44,63
255,201906,316.3,61,63,89
256,201807,256.2,40,46,78
256,201808,356.6,54,57,104
256,201809,284.9,45,46,76
256,201810,278.0,43,46,81
256,201811,255.3,38,41,74
256,201812,350.2,52,56,101
256,201901,318.3,52,53,90
256,201902,253.0,43,46,74
256,201903,360.1,51,55,99
256,201904,199.0,31,32,58
256,201905,315.4,53,54,93
256,201906,264.4,42,44,76
257,201807,1062.8,118,153,310
257,201808,963.2,112,142,286
257,201809,950.8000000000001,103,129,258
257,201810,735.2,89,106,214
257,201811,1083.0,125,157,314
257,201812,882.2,97,125,250
257,201901,788.2,99,119,238
257,201902,818.6,93,116,232
257,201903,1164.8,124,166,336
257,201904,955.4,103,134,272
257,201905,856.1,105,133,251
257,201906,963.2,106,135,274
258,201807,16.2,2,2,4
258,201808,21.0,3,3,5
258,201809,40.0,6,6,12
258,201810,31.8,3,3,6
258,201811,11.8,2,2,4
258,201812,29.0,4,4,8
258,201901,35.2,7,7,14
258,201902,41.4,5,5,10
258,201903,39.0,5,5,10
258,201904,28.4,4,4,8
258,201905,23.900000000000002,4,4,6
258,201906,18.2,2,2,4
259,201807,979.4,109,139,278
259,201808,879.7,106,136,257
259,201809,1005.6,103,145,296
259,201810,878.6,92,115,234
259,201811,1064.4,109,143,292
259,201812,978.6,112,143,292
259,201901,992.2,114,134,270
259,201902,916.0,98,126,258
259,201903,1053.0,121,142,284
259,201904,1086.6,110,145,296
259,201905,873.2,104,132,243
259,201906,833.6,100,122,244
260,201807,453.0,49,53,106
260,201808,324.2,40,40,73
260,201809,412.8,46,49,97
260,201810,562.7,62,64,127
260,201811,432.6,46,49,99
260,201812,488.2,53,55,110
260,201901,347.4,38,39,80
260,201902,487.0,49,55,110
260,201903,500.2,54,59,118
260,201904,474.0,48,51,102
260,201905,486.75,53,59,111
260,201906,463.4,50,53,106
261,201807,1150.3,116,132,263
261,201808,1131.1,119,141,260
261,201809,1119.3,103,124,247
261,201810,1228.7,120,138,277
261,201811,1060.4,112,124,248
261,201812,1262.4,126,142,284
261,201901,1244.6,113,143,286
261,201902,1072.2,104,119,239
261,201903,1277.4,123,143,289
261,201904,1003.0,92,109,220
261,201905,1157.15,109,131,266
261,201906,1153.2,106,128,258
262,201807,747.9,84,108,217
262,201808,780.1,80,108,220
262,201809,661.6,80,96,192
262,201810,911.2,105,129,258
262,201811,748.2,86,104,208
262,201812,868.6,96,121,242
262,201901,642.4,85,97,196
262,201902,754.6,85,103,208
262,201903,741.8,89,106,214
262,201904,827.0,91,116,236
262,201905,655.7,81,94,182
262,201906,922.0,96,131,264
263,201807,38.7,9,9,12
263,201808,28.0,6,6,8
263,201809,21.799999999999997,4,4,6
263,201810,36.6,8,8,12
263,201811,15.799999999999999,2,2,4
263,201812,24.6,6,6,7
263,201901,21.299999999999997,5,5,6
263,201902,37.4,6,6,10
263,201903,26.0,5,5,7
263,201904,9.0,3,3,3
263,201905,8.1,2,2,2
263,201906,33.2,5,5,7
264,201807,232.6,53,53,71
264,201808,203.3,40,41,58
264,201809,199.5,45,46,60
264,201810,170.0,38,39,48
264,201811,184.5,35,37,50
264,201812,288.5,55,60,82
264,201901,247.3,48,50,68
264,201902,175.2,42,44,58
264,201903,161.0,36,40,47
264,201904,194.2,39,39,54
264,201905,242.0,47,48,65
264,201906,221.7,47,49,60
265,201807,247.8,51,54,74
265,201808,227.1,51,56,71
265,201809,133.5,30,33,40
265,201810,162.9,37,38,48
265,201811,282.8,58,63,85
265,201812,205.3,46,47,60
265,201901,176.7,33,34,48
265,201902,212.7,41,43,57
265,201903,164.1,37,37,47
265,201904,236.4,46,49,73
265,201905,181.2,36,36,50
265,201906,202.9,39,39,55
266,201807,127.3,31,33,36
266,201808,154.5,37,40,45
266,201809,139.0,36,40,41
266,201810,170.4,38,42,47
266,201811,144.2,36,39,41
266,201812,157.8,43,46,50
266,201901,148.7,44,46,47
266,201902,119.7,34,36,37
266,201903,128.2,32,33,37
266,201904,124.4,31,31,32
266,201905,166.2,44,45,48
266,201906,162.3,42,46,50
267,201807,6.199999999999999,2,2,2
267,201808,24.9,5,5,6
267,201809,23.299999999999997,5,5,6
267,201810,14.4,4,4,4
267,201811,40.3,9,9,11
267,201812,15.399999999999999,5,5,5
267,201901,34.4,9,9,10
267,201902,23.0,5,5,6
267,201903,23.6,6,6,6
267,201904,14.0,5,5,5
267,201905,37.4,7,7,8
267,201906,18.5,4,4,4
268,201807,224.0,48,52,68
268,201808,322.65,50,54,88
268,201809,174.4,31,34,50
268,201810,237.6,47,48,65
268,201811,225.4,49,51,67
268,201812,207.3,42,43,57
268,201901,157.7,37,38,47
268,201902,165.0,36,37,47
268,201903,225.0,46,47,62
268,201904,191.5,47,50,57
268,201905,245.8,48,51,67
268,201906,224.7,38,40,57
269,201807,982.0,103,138,278
269,201808,835.1,109,132,249
269,201809,886.0,100,123,248
269,201810,1078.4,111,148,296
269,201811,967.2,106,134,272
269,201812,935.4,107,132,266
269,201901,980.4,110,144,288
269,201902,955.2,103,130,266
269,201903,845.8,97,122,244
269,201904,991.2,109,138,278
269,201905,900.7,102,130,252
269,201906,864.4,99,127,254
270,201807,962.8,96,137,278
270,201808,1003.75,122,153,289
270,201809,845.4,101,126,252
270,201810,816.4,96,115,238
270,201811,965.0,101,129,266
270,201812,1038.0,101,145,298
270,201901,1066.6,117,153,310
270,201902,868.4,94,125,250
270,201903,991.2,104,142,286
270,201904,926.4,100,130,264
270,201905,897.8,98,126,250
270,201906,912.2,104,127,254
271,201807,956.6,96,127,258
271,201808,683.9,84,100,192
271,201809,798.4,91,114,228
271,201810,790.0,93,113,228
271,201811,886.4,98,120,244
271,201812,807.4,98,116,234
271,201901,842.4,92,118,240
271,201902,746.2,86,101,204
271,201903,735.8,79,101,202
271,201904,774.6,87,109,218
271,201905,771.9,96,126,234
271,201906,928.2,108,129,258
272,201807,433.1,48,52,98
272,201808,372.85,44,48,85
272,201809,304.7,32,36,71
272,201810,430.6,44,50,99
272,201811,376.2,41,45,87
272,201812,403.9,47,47,89
272,201901,423.0,46,50,96
272,201902,395.5,45,48,91
272,201903,442.3,50,53,101
272,201904,445.1,54,55,105
272,201905,314.6,34,40,71
272,201906,312.1,34,37,70
